genre_id,genre_url,movie_id,name
12.0,https://tw.movies.yahoo.com/moviegenre_result.html?genre_id=12,6995,動畫
7.0,https://tw.movies.yahoo.com/moviegenre_result.html?genre_id=07,6989,恐怖
8.0,https://tw.movies.yahoo.com/moviegenre_result.html?genre_id=08,6989,懸疑/驚悚
5.0,https://tw.movies.yahoo.com/moviegenre_result.html?genre_id=05,6963,劇情
12.0,https://tw.movies.yahoo.com/moviegenre_result.html?genre_id=12,6934,動畫
5.0,https://tw.movies.yahoo.com/moviegenre_result.html?genre_id=05,6934,劇情
1.0,https://tw.movies.yahoo.com/moviegenre_result.html?genre_id=01,6922,動作
5.0,https://tw.movies.yahoo.com/moviegenre_result.html?genre_id=05,6922,劇情
5.0,https://tw.movies.yahoo.com/moviegenre_result.html?genre_id=05,6890,劇情
5.0,https://tw.movies.yahoo.com/moviegenre_result.html?genre_id=05,6872,劇情
2.0,https://tw.movies.yahoo.com/moviegenre_result.html?genre_id=02,6150,冒險
4.0,https://tw.movies.yahoo.com/moviegenre_result.html?genre_id=04,6150,奇幻
5.0,https://tw.movies.yahoo.com/moviegenre_result.html?genre_id=05,6150,劇情
1.0,https://tw.movies.yahoo.com/moviegenre_result.html?genre_id=01,7003,動作
5.0,https://tw.movies.yahoo.com/moviegenre_result.html?genre_id=05,7003,劇情
10.0,https://tw.movies.yahoo.com/moviegenre_result.html?genre_id=10,7000,愛情
5.0,https://tw.movies.yahoo.com/moviegenre_result.html?genre_id=05,7000,劇情
5.0,https://tw.movies.yahoo.com/moviegenre_result.html?genre_id=05,6980,劇情
9.0,https://tw.movies.yahoo.com/moviegenre_result.html?genre_id=09,6980,喜劇
5.0,https://tw.movies.yahoo.com/moviegenre_result.html?genre_id=05,6964,劇情
5.0,https://tw.movies.yahoo.com/moviegenre_result.html?genre_id=05,6947,劇情
1.0,https://tw.movies.yahoo.com/moviegenre_result.html?genre_id=01,6713,動作
4.0,https://tw.movies.yahoo.com/moviegenre_result.html?genre_id=04,6713,奇幻
5.0,https://tw.movies.yahoo.com/moviegenre_result.html?genre_id=05,6713,劇情
9.0,https://tw.movies.yahoo.com/moviegenre_result.html?genre_id=09,6972,喜劇
13.0,https://tw.movies.yahoo.com/moviegenre_result.html?genre_id=13,6674,戰爭
1.0,https://tw.movies.yahoo.com/moviegenre_result.html?genre_id=01,6674,動作
1.0,https://tw.movies.yahoo.com/moviegenre_result.html?genre_id=01,6948,動作
2.0,https://tw.movies.yahoo.com/moviegenre_result.html?genre_id=02,6948,冒險
9.0,https://tw.movies.yahoo.com/moviegenre_result.html?genre_id=09,6948,喜劇
5.0,https://tw.movies.yahoo.com/moviegenre_result.html?genre_id=05,6971,劇情
1.0,https://tw.movies.yahoo.com/moviegenre_result.html?genre_id=01,6955,動作
6.0,https://tw.movies.yahoo.com/moviegenre_result.html?genre_id=06,6955,犯罪
5.0,https://tw.movies.yahoo.com/moviegenre_result.html?genre_id=05,6937,劇情
5.0,https://tw.movies.yahoo.com/moviegenre_result.html?genre_id=05,6864,劇情
12.0,https://tw.movies.yahoo.com/moviegenre_result.html?genre_id=12,6844,動畫
8.0,https://tw.movies.yahoo.com/moviegenre_result.html?genre_id=08,6844,懸疑/驚悚
1.0,https://tw.movies.yahoo.com/moviegenre_result.html?genre_id=01,6853,動作
5.0,https://tw.movies.yahoo.com/moviegenre_result.html?genre_id=05,6853,劇情
10.0,https://tw.movies.yahoo.com/moviegenre_result.html?genre_id=10,6943,愛情
12.0,https://tw.movies.yahoo.com/moviegenre_result.html?genre_id=12,6884,動畫
2.0,https://tw.movies.yahoo.com/moviegenre_result.html?genre_id=02,6884,冒險
1.0,https://tw.movies.yahoo.com/moviegenre_result.html?genre_id=01,6661,動作
2.0,https://tw.movies.yahoo.com/moviegenre_result.html?genre_id=02,6661,冒險
12.0,https://tw.movies.yahoo.com/moviegenre_result.html?genre_id=12,6672,動畫
1.0,https://tw.movies.yahoo.com/moviegenre_result.html?genre_id=01,6619,動作
2.0,https://tw.movies.yahoo.com/moviegenre_result.html?genre_id=02,6619,冒險
3.0,https://tw.movies.yahoo.com/moviegenre_result.html?genre_id=03,6619,科幻
1.0,https://tw.movies.yahoo.com/moviegenre_result.html?genre_id=01,6874,動作
6.0,https://tw.movies.yahoo.com/moviegenre_result.html?genre_id=06,6874,犯罪
8.0,https://tw.movies.yahoo.com/moviegenre_result.html?genre_id=08,6855,懸疑/驚悚
6.0,https://tw.movies.yahoo.com/moviegenre_result.html?genre_id=06,6814,犯罪
8.0,https://tw.movies.yahoo.com/moviegenre_result.html?genre_id=08,6814,懸疑/驚悚
1.0,https://tw.movies.yahoo.com/moviegenre_result.html?genre_id=01,6797,動作
2.0,https://tw.movies.yahoo.com/moviegenre_result.html?genre_id=02,6797,冒險
15.0,https://tw.movies.yahoo.com/moviegenre_result.html?genre_id=15,6797,歷史/傳記
1.0,https://tw.movies.yahoo.com/moviegenre_result.html?genre_id=01,6598,動作
3.0,https://tw.movies.yahoo.com/moviegenre_result.html?genre_id=03,6598,科幻
11.0,https://tw.movies.yahoo.com/moviegenre_result.html?genre_id=11,6827,溫馨/家庭
5.0,https://tw.movies.yahoo.com/moviegenre_result.html?genre_id=05,6827,劇情
5.0,https://tw.movies.yahoo.com/moviegenre_result.html?genre_id=05,6860,劇情
8.0,https://tw.movies.yahoo.com/moviegenre_result.html?genre_id=08,6822,懸疑/驚悚
5.0,https://tw.movies.yahoo.com/moviegenre_result.html?genre_id=05,6810,劇情
13.0,https://tw.movies.yahoo.com/moviegenre_result.html?genre_id=13,6810,戰爭
8.0,https://tw.movies.yahoo.com/moviegenre_result.html?genre_id=08,6796,懸疑/驚悚
5.0,https://tw.movies.yahoo.com/moviegenre_result.html?genre_id=05,6798,劇情
5.0,https://tw.movies.yahoo.com/moviegenre_result.html?genre_id=05,6771,劇情
3.0,https://tw.movies.yahoo.com/moviegenre_result.html?genre_id=03,6694,科幻
8.0,https://tw.movies.yahoo.com/moviegenre_result.html?genre_id=08,6694,懸疑/驚悚
4.0,https://tw.movies.yahoo.com/moviegenre_result.html?genre_id=04,6852,奇幻
5.0,https://tw.movies.yahoo.com/moviegenre_result.html?genre_id=05,6852,劇情
10.0,https://tw.movies.yahoo.com/moviegenre_result.html?genre_id=10,6852,愛情
10.0,https://tw.movies.yahoo.com/moviegenre_result.html?genre_id=10,6832,愛情
5.0,https://tw.movies.yahoo.com/moviegenre_result.html?genre_id=05,6832,劇情
7.0,https://tw.movies.yahoo.com/moviegenre_result.html?genre_id=07,6808,恐怖
8.0,https://tw.movies.yahoo.com/moviegenre_result.html?genre_id=08,6808,懸疑/驚悚
5.0,https://tw.movies.yahoo.com/moviegenre_result.html?genre_id=05,6833,劇情
17.0,https://tw.movies.yahoo.com/moviegenre_result.html?genre_id=17,6833,勵志
5.0,https://tw.movies.yahoo.com/moviegenre_result.html?genre_id=05,6428,劇情
1.0,https://tw.movies.yahoo.com/moviegenre_result.html?genre_id=01,6567,動作
2.0,https://tw.movies.yahoo.com/moviegenre_result.html?genre_id=02,6567,冒險
8.0,https://tw.movies.yahoo.com/moviegenre_result.html?genre_id=08,6825,懸疑/驚悚
1.0,https://tw.movies.yahoo.com/moviegenre_result.html?genre_id=01,6664,動作
2.0,https://tw.movies.yahoo.com/moviegenre_result.html?genre_id=02,6664,冒險
5.0,https://tw.movies.yahoo.com/moviegenre_result.html?genre_id=05,6664,劇情
9.0,https://tw.movies.yahoo.com/moviegenre_result.html?genre_id=09,6516,喜劇
12.0,https://tw.movies.yahoo.com/moviegenre_result.html?genre_id=12,6516,動畫
5.0,https://tw.movies.yahoo.com/moviegenre_result.html?genre_id=05,6632,劇情
9.0,https://tw.movies.yahoo.com/moviegenre_result.html?genre_id=09,6566,喜劇
12.0,https://tw.movies.yahoo.com/moviegenre_result.html?genre_id=12,6566,動畫
4.0,https://tw.movies.yahoo.com/moviegenre_result.html?genre_id=04,6634,奇幻
5.0,https://tw.movies.yahoo.com/moviegenre_result.html?genre_id=05,6634,劇情
10.0,https://tw.movies.yahoo.com/moviegenre_result.html?genre_id=10,6634,愛情
5.0,https://tw.movies.yahoo.com/moviegenre_result.html?genre_id=05,6746,劇情
10.0,https://tw.movies.yahoo.com/moviegenre_result.html?genre_id=10,6746,愛情
5.0,https://tw.movies.yahoo.com/moviegenre_result.html?genre_id=05,6440,劇情
14.0,https://tw.movies.yahoo.com/moviegenre_result.html?genre_id=14,4887,音樂/歌舞
16.0,https://tw.movies.yahoo.com/moviegenre_result.html?genre_id=16,4887,紀錄片
5.0,https://tw.movies.yahoo.com/moviegenre_result.html?genre_id=05,3026,劇情
9.0,https://tw.movies.yahoo.com/moviegenre_result.html?genre_id=09,3026,喜劇
11.0,https://tw.movies.yahoo.com/moviegenre_result.html?genre_id=11,3026,溫馨/家庭
7.0,https://tw.movies.yahoo.com/moviegenre_result.html?genre_id=07,6996,恐怖
8.0,https://tw.movies.yahoo.com/moviegenre_result.html?genre_id=08,6996,懸疑/驚悚
11.0,https://tw.movies.yahoo.com/moviegenre_result.html?genre_id=11,7011,溫馨/家庭
4.0,https://tw.movies.yahoo.com/moviegenre_result.html?genre_id=04,7011,奇幻
5.0,https://tw.movies.yahoo.com/moviegenre_result.html?genre_id=05,7011,劇情
9.0,https://tw.movies.yahoo.com/moviegenre_result.html?genre_id=09,7011,喜劇
5.0,https://tw.movies.yahoo.com/moviegenre_result.html?genre_id=05,7008,劇情
10.0,https://tw.movies.yahoo.com/moviegenre_result.html?genre_id=10,7007,愛情
5.0,https://tw.movies.yahoo.com/moviegenre_result.html?genre_id=05,7007,劇情
16.0,https://tw.movies.yahoo.com/moviegenre_result.html?genre_id=16,7002,紀錄片
5.0,https://tw.movies.yahoo.com/moviegenre_result.html?genre_id=05,6984,劇情
5.0,https://tw.movies.yahoo.com/moviegenre_result.html?genre_id=05,6970,劇情
8.0,https://tw.movies.yahoo.com/moviegenre_result.html?genre_id=08,6970,懸疑/驚悚
14.0,https://tw.movies.yahoo.com/moviegenre_result.html?genre_id=14,6968,音樂/歌舞
1.0,https://tw.movies.yahoo.com/moviegenre_result.html?genre_id=01,6930,動作
5.0,https://tw.movies.yahoo.com/moviegenre_result.html?genre_id=05,6930,劇情
12.0,https://tw.movies.yahoo.com/moviegenre_result.html?genre_id=12,6914,動畫
10.0,https://tw.movies.yahoo.com/moviegenre_result.html?genre_id=10,7031,愛情
5.0,https://tw.movies.yahoo.com/moviegenre_result.html?genre_id=05,7031,劇情
8.0,https://tw.movies.yahoo.com/moviegenre_result.html?genre_id=08,7024,懸疑/驚悚
12.0,https://tw.movies.yahoo.com/moviegenre_result.html?genre_id=12,7010,動畫
12.0,https://tw.movies.yahoo.com/moviegenre_result.html?genre_id=12,6983,動畫
5.0,https://tw.movies.yahoo.com/moviegenre_result.html?genre_id=05,6977,劇情
10.0,https://tw.movies.yahoo.com/moviegenre_result.html?genre_id=10,6977,愛情
1.0,https://tw.movies.yahoo.com/moviegenre_result.html?genre_id=01,6969,動作
3.0,https://tw.movies.yahoo.com/moviegenre_result.html?genre_id=03,6969,科幻
5.0,https://tw.movies.yahoo.com/moviegenre_result.html?genre_id=05,6969,劇情
8.0,https://tw.movies.yahoo.com/moviegenre_result.html?genre_id=08,6969,懸疑/驚悚
5.0,https://tw.movies.yahoo.com/moviegenre_result.html?genre_id=05,6941,劇情
10.0,https://tw.movies.yahoo.com/moviegenre_result.html?genre_id=10,6888,愛情
5.0,https://tw.movies.yahoo.com/moviegenre_result.html?genre_id=05,6888,劇情
5.0,https://tw.movies.yahoo.com/moviegenre_result.html?genre_id=05,6883,劇情
13.0,https://tw.movies.yahoo.com/moviegenre_result.html?genre_id=13,6862,戰爭
1.0,https://tw.movies.yahoo.com/moviegenre_result.html?genre_id=01,6862,動作
2.0,https://tw.movies.yahoo.com/moviegenre_result.html?genre_id=02,6862,冒險
1.0,https://tw.movies.yahoo.com/moviegenre_result.html?genre_id=01,7025,動作
9.0,https://tw.movies.yahoo.com/moviegenre_result.html?genre_id=09,7025,喜劇
5.0,https://tw.movies.yahoo.com/moviegenre_result.html?genre_id=05,7046,劇情
5.0,https://tw.movies.yahoo.com/moviegenre_result.html?genre_id=05,7045,劇情
11.0,https://tw.movies.yahoo.com/moviegenre_result.html?genre_id=11,7040,溫馨/家庭
5.0,https://tw.movies.yahoo.com/moviegenre_result.html?genre_id=05,7040,劇情
9.0,https://tw.movies.yahoo.com/moviegenre_result.html?genre_id=09,7040,喜劇
10.0,https://tw.movies.yahoo.com/moviegenre_result.html?genre_id=10,7034,愛情
5.0,https://tw.movies.yahoo.com/moviegenre_result.html?genre_id=05,7034,劇情
5.0,https://tw.movies.yahoo.com/moviegenre_result.html?genre_id=05,7033,劇情
12.0,https://tw.movies.yahoo.com/moviegenre_result.html?genre_id=12,7026,動畫
2.0,https://tw.movies.yahoo.com/moviegenre_result.html?genre_id=02,7026,冒險
10.0,https://tw.movies.yahoo.com/moviegenre_result.html?genre_id=10,6994,愛情
5.0,https://tw.movies.yahoo.com/moviegenre_result.html?genre_id=05,6992,劇情
6.0,https://tw.movies.yahoo.com/moviegenre_result.html?genre_id=06,6992,犯罪
1.0,https://tw.movies.yahoo.com/moviegenre_result.html?genre_id=01,6919,動作
3.0,https://tw.movies.yahoo.com/moviegenre_result.html?genre_id=03,6919,科幻
7.0,https://tw.movies.yahoo.com/moviegenre_result.html?genre_id=07,6911,恐怖
8.0,https://tw.movies.yahoo.com/moviegenre_result.html?genre_id=08,6911,懸疑/驚悚
1.0,https://tw.movies.yahoo.com/moviegenre_result.html?genre_id=01,6873,動作
5.0,https://tw.movies.yahoo.com/moviegenre_result.html?genre_id=05,6873,劇情
1.0,https://tw.movies.yahoo.com/moviegenre_result.html?genre_id=01,7047,動作
1.0,https://tw.movies.yahoo.com/moviegenre_result.html?genre_id=01,6830,動作
2.0,https://tw.movies.yahoo.com/moviegenre_result.html?genre_id=02,6830,冒險
1.0,https://tw.movies.yahoo.com/moviegenre_result.html?genre_id=01,7037,動作
12.0,https://tw.movies.yahoo.com/moviegenre_result.html?genre_id=12,7006,動畫
2.0,https://tw.movies.yahoo.com/moviegenre_result.html?genre_id=02,7006,冒險
4.0,https://tw.movies.yahoo.com/moviegenre_result.html?genre_id=04,7006,奇幻
16.0,https://tw.movies.yahoo.com/moviegenre_result.html?genre_id=16,7005,紀錄片
12.0,https://tw.movies.yahoo.com/moviegenre_result.html?genre_id=12,6990,動畫
1.0,https://tw.movies.yahoo.com/moviegenre_result.html?genre_id=01,6987,動作
3.0,https://tw.movies.yahoo.com/moviegenre_result.html?genre_id=03,6987,科幻
5.0,https://tw.movies.yahoo.com/moviegenre_result.html?genre_id=05,6973,劇情
10.0,https://tw.movies.yahoo.com/moviegenre_result.html?genre_id=10,7043,愛情
5.0,https://tw.movies.yahoo.com/moviegenre_result.html?genre_id=05,7043,劇情
9.0,https://tw.movies.yahoo.com/moviegenre_result.html?genre_id=09,7043,喜劇
9.0,https://tw.movies.yahoo.com/moviegenre_result.html?genre_id=09,7035,喜劇
17.0,https://tw.movies.yahoo.com/moviegenre_result.html?genre_id=17,7032,勵志
5.0,https://tw.movies.yahoo.com/moviegenre_result.html?genre_id=05,7022,劇情
3.0,https://tw.movies.yahoo.com/moviegenre_result.html?genre_id=03,7020,科幻
5.0,https://tw.movies.yahoo.com/moviegenre_result.html?genre_id=05,7020,劇情
8.0,https://tw.movies.yahoo.com/moviegenre_result.html?genre_id=08,7020,懸疑/驚悚
5.0,https://tw.movies.yahoo.com/moviegenre_result.html?genre_id=05,7016,劇情
5.0,https://tw.movies.yahoo.com/moviegenre_result.html?genre_id=05,6974,劇情
9.0,https://tw.movies.yahoo.com/moviegenre_result.html?genre_id=09,6974,喜劇
7.0,https://tw.movies.yahoo.com/moviegenre_result.html?genre_id=07,6849,恐怖
8.0,https://tw.movies.yahoo.com/moviegenre_result.html?genre_id=08,6849,懸疑/驚悚
10.0,https://tw.movies.yahoo.com/moviegenre_result.html?genre_id=10,7044,愛情
12.0,https://tw.movies.yahoo.com/moviegenre_result.html?genre_id=12,7044,動畫
16.0,https://tw.movies.yahoo.com/moviegenre_result.html?genre_id=16,7030,紀錄片
5.0,https://tw.movies.yahoo.com/moviegenre_result.html?genre_id=05,7029,劇情
5.0,https://tw.movies.yahoo.com/moviegenre_result.html?genre_id=05,7023,劇情
1.0,https://tw.movies.yahoo.com/moviegenre_result.html?genre_id=01,6985,動作
2.0,https://tw.movies.yahoo.com/moviegenre_result.html?genre_id=02,6985,冒險
3.0,https://tw.movies.yahoo.com/moviegenre_result.html?genre_id=03,6985,科幻
1.0,https://tw.movies.yahoo.com/moviegenre_result.html?genre_id=01,6861,動作
2.0,https://tw.movies.yahoo.com/moviegenre_result.html?genre_id=02,6861,冒險
10.0,https://tw.movies.yahoo.com/moviegenre_result.html?genre_id=10,6991,愛情
5.0,https://tw.movies.yahoo.com/moviegenre_result.html?genre_id=05,6991,劇情
16.0,https://tw.movies.yahoo.com/moviegenre_result.html?genre_id=16,6920,紀錄片
10.0,https://tw.movies.yahoo.com/moviegenre_result.html?genre_id=10,7042,愛情
12.0,https://tw.movies.yahoo.com/moviegenre_result.html?genre_id=12,7042,動畫
5.0,https://tw.movies.yahoo.com/moviegenre_result.html?genre_id=05,7042,劇情
12.0,https://tw.movies.yahoo.com/moviegenre_result.html?genre_id=12,7041,動畫
5.0,https://tw.movies.yahoo.com/moviegenre_result.html?genre_id=05,7041,劇情
5.0,https://tw.movies.yahoo.com/moviegenre_result.html?genre_id=05,7021,劇情
10.0,https://tw.movies.yahoo.com/moviegenre_result.html?genre_id=10,7013,愛情
9.0,https://tw.movies.yahoo.com/moviegenre_result.html?genre_id=09,7013,喜劇
17.0,https://tw.movies.yahoo.com/moviegenre_result.html?genre_id=17,6951,勵志
5.0,https://tw.movies.yahoo.com/moviegenre_result.html?genre_id=05,6951,劇情
5.0,https://tw.movies.yahoo.com/moviegenre_result.html?genre_id=05,6932,劇情
9.0,https://tw.movies.yahoo.com/moviegenre_result.html?genre_id=09,6932,喜劇
7.0,https://tw.movies.yahoo.com/moviegenre_result.html?genre_id=07,6586,恐怖
8.0,https://tw.movies.yahoo.com/moviegenre_result.html?genre_id=08,6586,懸疑/驚悚
12.0,https://tw.movies.yahoo.com/moviegenre_result.html?genre_id=12,6979,動畫
1.0,https://tw.movies.yahoo.com/moviegenre_result.html?genre_id=01,6979,動作
5.0,https://tw.movies.yahoo.com/moviegenre_result.html?genre_id=05,6952,劇情
10.0,https://tw.movies.yahoo.com/moviegenre_result.html?genre_id=10,6952,愛情
12.0,https://tw.movies.yahoo.com/moviegenre_result.html?genre_id=12,6946,動畫
1.0,https://tw.movies.yahoo.com/moviegenre_result.html?genre_id=01,6913,動作
3.0,https://tw.movies.yahoo.com/moviegenre_result.html?genre_id=03,6913,科幻
5.0,https://tw.movies.yahoo.com/moviegenre_result.html?genre_id=05,7036,劇情
8.0,https://tw.movies.yahoo.com/moviegenre_result.html?genre_id=08,7036,懸疑/驚悚
9.0,https://tw.movies.yahoo.com/moviegenre_result.html?genre_id=09,7036,喜劇
1.0,https://tw.movies.yahoo.com/moviegenre_result.html?genre_id=01,7001,動作
5.0,https://tw.movies.yahoo.com/moviegenre_result.html?genre_id=05,7001,劇情
10.0,https://tw.movies.yahoo.com/moviegenre_result.html?genre_id=10,6998,愛情
5.0,https://tw.movies.yahoo.com/moviegenre_result.html?genre_id=05,6998,劇情
7.0,https://tw.movies.yahoo.com/moviegenre_result.html?genre_id=07,6965,恐怖
8.0,https://tw.movies.yahoo.com/moviegenre_result.html?genre_id=08,6965,懸疑/驚悚
5.0,https://tw.movies.yahoo.com/moviegenre_result.html?genre_id=05,7019,劇情
8.0,https://tw.movies.yahoo.com/moviegenre_result.html?genre_id=08,7019,懸疑/驚悚
9.0,https://tw.movies.yahoo.com/moviegenre_result.html?genre_id=09,7017,喜劇
1.0,https://tw.movies.yahoo.com/moviegenre_result.html?genre_id=01,6851,動作
2.0,https://tw.movies.yahoo.com/moviegenre_result.html?genre_id=02,6851,冒險
8.0,https://tw.movies.yahoo.com/moviegenre_result.html?genre_id=08,6982,懸疑/驚悚
5.0,https://tw.movies.yahoo.com/moviegenre_result.html?genre_id=05,6939,劇情
5.0,https://tw.movies.yahoo.com/moviegenre_result.html?genre_id=05,7018,劇情
9.0,https://tw.movies.yahoo.com/moviegenre_result.html?genre_id=09,6966,喜劇
5.0,https://tw.movies.yahoo.com/moviegenre_result.html?genre_id=05,6926,劇情
8.0,https://tw.movies.yahoo.com/moviegenre_result.html?genre_id=08,6926,懸疑/驚悚
5.0,https://tw.movies.yahoo.com/moviegenre_result.html?genre_id=05,6728,劇情
12.0,https://tw.movies.yahoo.com/moviegenre_result.html?genre_id=12,6962,動畫
9.0,https://tw.movies.yahoo.com/moviegenre_result.html?genre_id=09,6975,喜劇
12.0,https://tw.movies.yahoo.com/moviegenre_result.html?genre_id=12,6975,動畫
14.0,https://tw.movies.yahoo.com/moviegenre_result.html?genre_id=14,6981,音樂/歌舞
5.0,https://tw.movies.yahoo.com/moviegenre_result.html?genre_id=05,6981,劇情
14.0,https://tw.movies.yahoo.com/moviegenre_result.html?genre_id=14,6978,音樂/歌舞
9.0,https://tw.movies.yahoo.com/moviegenre_result.html?genre_id=09,6978,喜劇
5.0,https://tw.movies.yahoo.com/moviegenre_result.html?genre_id=05,7015,劇情
1.0,https://tw.movies.yahoo.com/moviegenre_result.html?genre_id=01,6953,動作
4.0,https://tw.movies.yahoo.com/moviegenre_result.html?genre_id=04,6953,奇幻
4.0,https://tw.movies.yahoo.com/moviegenre_result.html?genre_id=04,7028,奇幻
5.0,https://tw.movies.yahoo.com/moviegenre_result.html?genre_id=05,7028,劇情
12.0,https://tw.movies.yahoo.com/moviegenre_result.html?genre_id=12,6960,動畫
5.0,https://tw.movies.yahoo.com/moviegenre_result.html?genre_id=05,7014,劇情
9.0,https://tw.movies.yahoo.com/moviegenre_result.html?genre_id=09,7012,喜劇
4.0,https://tw.movies.yahoo.com/moviegenre_result.html?genre_id=04,7009,奇幻
8.0,https://tw.movies.yahoo.com/moviegenre_result.html?genre_id=08,7009,懸疑/驚悚
16.0,https://tw.movies.yahoo.com/moviegenre_result.html?genre_id=16,7004,紀錄片
5.0,https://tw.movies.yahoo.com/moviegenre_result.html?genre_id=05,6993,劇情
5.0,https://tw.movies.yahoo.com/moviegenre_result.html?genre_id=05,6988,劇情
1.0,https://tw.movies.yahoo.com/moviegenre_result.html?genre_id=01,6986,動作
6.0,https://tw.movies.yahoo.com/moviegenre_result.html?genre_id=06,6986,犯罪
8.0,https://tw.movies.yahoo.com/moviegenre_result.html?genre_id=08,6986,懸疑/驚悚
12.0,https://tw.movies.yahoo.com/moviegenre_result.html?genre_id=12,6921,動畫
9.0,https://tw.movies.yahoo.com/moviegenre_result.html?genre_id=09,6921,喜劇
14.0,https://tw.movies.yahoo.com/moviegenre_result.html?genre_id=14,6882,音樂/歌舞
5.0,https://tw.movies.yahoo.com/moviegenre_result.html?genre_id=05,6882,劇情
12.0,https://tw.movies.yahoo.com/moviegenre_result.html?genre_id=12,6680,動畫
1.0,https://tw.movies.yahoo.com/moviegenre_result.html?genre_id=01,6680,動作
2.0,https://tw.movies.yahoo.com/moviegenre_result.html?genre_id=02,6680,冒險
1.0,https://tw.movies.yahoo.com/moviegenre_result.html?genre_id=01,6829,動作
2.0,https://tw.movies.yahoo.com/moviegenre_result.html?genre_id=02,6829,冒險
1.0,https://tw.movies.yahoo.com/moviegenre_result.html?genre_id=01,6254,動作
3.0,https://tw.movies.yahoo.com/moviegenre_result.html?genre_id=03,6254,科幻
5.0,https://tw.movies.yahoo.com/moviegenre_result.html?genre_id=05,6999,劇情
7.0,https://tw.movies.yahoo.com/moviegenre_result.html?genre_id=07,7049,恐怖
8.0,https://tw.movies.yahoo.com/moviegenre_result.html?genre_id=08,7049,懸疑/驚悚
10.0,https://tw.movies.yahoo.com/moviegenre_result.html?genre_id=10,7050,愛情
5.0,https://tw.movies.yahoo.com/moviegenre_result.html?genre_id=05,7050,劇情
15.0,https://tw.movies.yahoo.com/moviegenre_result.html?genre_id=15,7048,歷史/傳記
5.0,https://tw.movies.yahoo.com/moviegenre_result.html?genre_id=05,7048,劇情
7.0,https://tw.movies.yahoo.com/moviegenre_result.html?genre_id=07,7051,恐怖
8.0,https://tw.movies.yahoo.com/moviegenre_result.html?genre_id=08,7051,懸疑/驚悚
4.0,https://tw.movies.yahoo.com/moviegenre_result.html?genre_id=04,7052,奇幻
5.0,https://tw.movies.yahoo.com/moviegenre_result.html?genre_id=05,7052,劇情
7.0,https://tw.movies.yahoo.com/moviegenre_result.html?genre_id=07,7052,恐怖
8.0,https://tw.movies.yahoo.com/moviegenre_result.html?genre_id=08,7052,懸疑/驚悚
9.0,https://tw.movies.yahoo.com/moviegenre_result.html?genre_id=09,7054,喜劇
9.0,https://tw.movies.yahoo.com/moviegenre_result.html?genre_id=09,7060,喜劇
10.0,https://tw.movies.yahoo.com/moviegenre_result.html?genre_id=10,7062,愛情
6.0,https://tw.movies.yahoo.com/moviegenre_result.html?genre_id=06,7062,犯罪
8.0,https://tw.movies.yahoo.com/moviegenre_result.html?genre_id=08,7062,懸疑/驚悚
1.0,https://tw.movies.yahoo.com/moviegenre_result.html?genre_id=01,7064,動作
3.0,https://tw.movies.yahoo.com/moviegenre_result.html?genre_id=03,7064,科幻
11.0,https://tw.movies.yahoo.com/moviegenre_result.html?genre_id=11,6877,溫馨/家庭
5.0,https://tw.movies.yahoo.com/moviegenre_result.html?genre_id=05,6877,劇情
5.0,https://tw.movies.yahoo.com/moviegenre_result.html?genre_id=05,7070,劇情
10.0,https://tw.movies.yahoo.com/moviegenre_result.html?genre_id=10,7073,愛情
5.0,https://tw.movies.yahoo.com/moviegenre_result.html?genre_id=05,7073,劇情
1.0,https://tw.movies.yahoo.com/moviegenre_result.html?genre_id=01,7077,動作
5.0,https://tw.movies.yahoo.com/moviegenre_result.html?genre_id=05,7077,劇情
1.0,https://tw.movies.yahoo.com/moviegenre_result.html?genre_id=01,6534,動作
2.0,https://tw.movies.yahoo.com/moviegenre_result.html?genre_id=02,6534,冒險
4.0,https://tw.movies.yahoo.com/moviegenre_result.html?genre_id=04,6534,奇幻
1.0,https://tw.movies.yahoo.com/moviegenre_result.html?genre_id=01,6950,動作
4.0,https://tw.movies.yahoo.com/moviegenre_result.html?genre_id=04,6950,奇幻
14.0,https://tw.movies.yahoo.com/moviegenre_result.html?genre_id=14,7079,音樂/歌舞
17.0,https://tw.movies.yahoo.com/moviegenre_result.html?genre_id=17,7079,勵志
5.0,https://tw.movies.yahoo.com/moviegenre_result.html?genre_id=05,7079,劇情
9.0,https://tw.movies.yahoo.com/moviegenre_result.html?genre_id=09,6923,喜劇
4.0,https://tw.movies.yahoo.com/moviegenre_result.html?genre_id=04,6870,奇幻
5.0,https://tw.movies.yahoo.com/moviegenre_result.html?genre_id=05,6870,劇情
9.0,https://tw.movies.yahoo.com/moviegenre_result.html?genre_id=09,6870,喜劇
5.0,https://tw.movies.yahoo.com/moviegenre_result.html?genre_id=05,6875,劇情
9.0,https://tw.movies.yahoo.com/moviegenre_result.html?genre_id=09,6875,喜劇
4.0,https://tw.movies.yahoo.com/moviegenre_result.html?genre_id=04,7027,奇幻
5.0,https://tw.movies.yahoo.com/moviegenre_result.html?genre_id=05,7027,劇情
8.0,https://tw.movies.yahoo.com/moviegenre_result.html?genre_id=08,7027,懸疑/驚悚
5.0,https://tw.movies.yahoo.com/moviegenre_result.html?genre_id=05,7083,劇情
9.0,https://tw.movies.yahoo.com/moviegenre_result.html?genre_id=09,7087,喜劇
5.0,https://tw.movies.yahoo.com/moviegenre_result.html?genre_id=05,6927,劇情
5.0,https://tw.movies.yahoo.com/moviegenre_result.html?genre_id=05,7091,劇情
1.0,https://tw.movies.yahoo.com/moviegenre_result.html?genre_id=01,7098,動作
9.0,https://tw.movies.yahoo.com/moviegenre_result.html?genre_id=09,7108,喜劇
8.0,https://tw.movies.yahoo.com/moviegenre_result.html?genre_id=08,7110,懸疑/驚悚
1.0,https://tw.movies.yahoo.com/moviegenre_result.html?genre_id=01,6600,動作
2.0,https://tw.movies.yahoo.com/moviegenre_result.html?genre_id=02,6600,冒險
3.0,https://tw.movies.yahoo.com/moviegenre_result.html?genre_id=03,6600,科幻
12.0,https://tw.movies.yahoo.com/moviegenre_result.html?genre_id=12,6600,動畫
13.0,https://tw.movies.yahoo.com/moviegenre_result.html?genre_id=13,6600,戰爭
1.0,https://tw.movies.yahoo.com/moviegenre_result.html?genre_id=01,7113,動作
5.0,https://tw.movies.yahoo.com/moviegenre_result.html?genre_id=05,7113,劇情
1.0,https://tw.movies.yahoo.com/moviegenre_result.html?genre_id=01,6615,動作
2.0,https://tw.movies.yahoo.com/moviegenre_result.html?genre_id=02,6615,冒險
5.0,https://tw.movies.yahoo.com/moviegenre_result.html?genre_id=05,6777,劇情
15.0,https://tw.movies.yahoo.com/moviegenre_result.html?genre_id=15,6777,歷史/傳記
17.0,https://tw.movies.yahoo.com/moviegenre_result.html?genre_id=17,6777,勵志
1.0,https://tw.movies.yahoo.com/moviegenre_result.html?genre_id=01,6266,動作
12.0,https://tw.movies.yahoo.com/moviegenre_result.html?genre_id=12,6266,動畫
5.0,https://tw.movies.yahoo.com/moviegenre_result.html?genre_id=05,7101,劇情
10.0,https://tw.movies.yahoo.com/moviegenre_result.html?genre_id=10,7102,愛情
9.0,https://tw.movies.yahoo.com/moviegenre_result.html?genre_id=09,6847,喜劇
10.0,https://tw.movies.yahoo.com/moviegenre_result.html?genre_id=10,6847,愛情
5.0,https://tw.movies.yahoo.com/moviegenre_result.html?genre_id=05,6944,劇情
5.0,https://tw.movies.yahoo.com/moviegenre_result.html?genre_id=05,7115,劇情
5.0,https://tw.movies.yahoo.com/moviegenre_result.html?genre_id=05,6839,劇情
5.0,https://tw.movies.yahoo.com/moviegenre_result.html?genre_id=05,7120,劇情
5.0,https://tw.movies.yahoo.com/moviegenre_result.html?genre_id=05,7117,劇情
5.0,https://tw.movies.yahoo.com/moviegenre_result.html?genre_id=05,7136,劇情
5.0,https://tw.movies.yahoo.com/moviegenre_result.html?genre_id=05,7137,劇情
16.0,https://tw.movies.yahoo.com/moviegenre_result.html?genre_id=16,7133,紀錄片
7.0,https://tw.movies.yahoo.com/moviegenre_result.html?genre_id=07,7121,恐怖
8.0,https://tw.movies.yahoo.com/moviegenre_result.html?genre_id=08,7121,懸疑/驚悚
7.0,https://tw.movies.yahoo.com/moviegenre_result.html?genre_id=07,7122,恐怖
8.0,https://tw.movies.yahoo.com/moviegenre_result.html?genre_id=08,7122,懸疑/驚悚
5.0,https://tw.movies.yahoo.com/moviegenre_result.html?genre_id=05,7124,劇情
5.0,https://tw.movies.yahoo.com/moviegenre_result.html?genre_id=05,6837,劇情
7.0,https://tw.movies.yahoo.com/moviegenre_result.html?genre_id=07,6837,恐怖
8.0,https://tw.movies.yahoo.com/moviegenre_result.html?genre_id=08,6837,懸疑/驚悚
9.0,https://tw.movies.yahoo.com/moviegenre_result.html?genre_id=09,6682,喜劇
10.0,https://tw.movies.yahoo.com/moviegenre_result.html?genre_id=10,6938,愛情
3.0,https://tw.movies.yahoo.com/moviegenre_result.html?genre_id=03,6938,科幻
8.0,https://tw.movies.yahoo.com/moviegenre_result.html?genre_id=08,6938,懸疑/驚悚
8.0,https://tw.movies.yahoo.com/moviegenre_result.html?genre_id=08,6909,懸疑/驚悚
1.0,https://tw.movies.yahoo.com/moviegenre_result.html?genre_id=01,7154,動作
6.0,https://tw.movies.yahoo.com/moviegenre_result.html?genre_id=06,7154,犯罪
8.0,https://tw.movies.yahoo.com/moviegenre_result.html?genre_id=08,7154,懸疑/驚悚
5.0,https://tw.movies.yahoo.com/moviegenre_result.html?genre_id=05,7156,劇情
5.0,https://tw.movies.yahoo.com/moviegenre_result.html?genre_id=05,7191,劇情
7.0,https://tw.movies.yahoo.com/moviegenre_result.html?genre_id=07,7159,恐怖
8.0,https://tw.movies.yahoo.com/moviegenre_result.html?genre_id=08,7159,懸疑/驚悚
10.0,https://tw.movies.yahoo.com/moviegenre_result.html?genre_id=10,7209,愛情
11.0,https://tw.movies.yahoo.com/moviegenre_result.html?genre_id=11,7209,溫馨/家庭
5.0,https://tw.movies.yahoo.com/moviegenre_result.html?genre_id=05,6878,劇情
7.0,https://tw.movies.yahoo.com/moviegenre_result.html?genre_id=07,6908,恐怖
8.0,https://tw.movies.yahoo.com/moviegenre_result.html?genre_id=08,6908,懸疑/驚悚
1.0,https://tw.movies.yahoo.com/moviegenre_result.html?genre_id=01,6647,動作
2.0,https://tw.movies.yahoo.com/moviegenre_result.html?genre_id=02,6647,冒險
4.0,https://tw.movies.yahoo.com/moviegenre_result.html?genre_id=04,6647,奇幻
16.0,https://tw.movies.yahoo.com/moviegenre_result.html?genre_id=16,7153,紀錄片
10.0,https://tw.movies.yahoo.com/moviegenre_result.html?genre_id=10,7161,愛情
5.0,https://tw.movies.yahoo.com/moviegenre_result.html?genre_id=05,7161,劇情
1.0,https://tw.movies.yahoo.com/moviegenre_result.html?genre_id=01,7178,動作
4.0,https://tw.movies.yahoo.com/moviegenre_result.html?genre_id=04,7178,奇幻
7.0,https://tw.movies.yahoo.com/moviegenre_result.html?genre_id=07,7178,恐怖
9.0,https://tw.movies.yahoo.com/moviegenre_result.html?genre_id=09,7178,喜劇
5.0,https://tw.movies.yahoo.com/moviegenre_result.html?genre_id=05,7277,劇情
16.0,https://tw.movies.yahoo.com/moviegenre_result.html?genre_id=16,7196,紀錄片
5.0,https://tw.movies.yahoo.com/moviegenre_result.html?genre_id=05,7281,劇情
10.0,https://tw.movies.yahoo.com/moviegenre_result.html?genre_id=10,7151,愛情
5.0,https://tw.movies.yahoo.com/moviegenre_result.html?genre_id=05,7151,劇情
11.0,https://tw.movies.yahoo.com/moviegenre_result.html?genre_id=11,7187,溫馨/家庭
5.0,https://tw.movies.yahoo.com/moviegenre_result.html?genre_id=05,7187,劇情
15.0,https://tw.movies.yahoo.com/moviegenre_result.html?genre_id=15,7234,歷史/傳記
5.0,https://tw.movies.yahoo.com/moviegenre_result.html?genre_id=05,7234,劇情
5.0,https://tw.movies.yahoo.com/moviegenre_result.html?genre_id=05,7240,劇情
5.0,https://tw.movies.yahoo.com/moviegenre_result.html?genre_id=05,7272,劇情
5.0,https://tw.movies.yahoo.com/moviegenre_result.html?genre_id=05,7147,劇情
12.0,https://tw.movies.yahoo.com/moviegenre_result.html?genre_id=12,7220,動畫
5.0,https://tw.movies.yahoo.com/moviegenre_result.html?genre_id=05,7220,劇情
5.0,https://tw.movies.yahoo.com/moviegenre_result.html?genre_id=05,7228,劇情
5.0,https://tw.movies.yahoo.com/moviegenre_result.html?genre_id=05,7263,劇情
5.0,https://tw.movies.yahoo.com/moviegenre_result.html?genre_id=05,7282,劇情
5.0,https://tw.movies.yahoo.com/moviegenre_result.html?genre_id=05,7262,劇情
10.0,https://tw.movies.yahoo.com/moviegenre_result.html?genre_id=10,7217,愛情
5.0,https://tw.movies.yahoo.com/moviegenre_result.html?genre_id=05,7284,劇情
7.0,https://tw.movies.yahoo.com/moviegenre_result.html?genre_id=07,7141,恐怖
8.0,https://tw.movies.yahoo.com/moviegenre_result.html?genre_id=08,7141,懸疑/驚悚
5.0,https://tw.movies.yahoo.com/moviegenre_result.html?genre_id=05,7227,劇情
1.0,https://tw.movies.yahoo.com/moviegenre_result.html?genre_id=01,7259,動作
5.0,https://tw.movies.yahoo.com/moviegenre_result.html?genre_id=05,7259,劇情
13.0,https://tw.movies.yahoo.com/moviegenre_result.html?genre_id=13,7296,戰爭
15.0,https://tw.movies.yahoo.com/moviegenre_result.html?genre_id=15,7296,歷史/傳記
5.0,https://tw.movies.yahoo.com/moviegenre_result.html?genre_id=05,7144,劇情
12.0,https://tw.movies.yahoo.com/moviegenre_result.html?genre_id=12,7199,動畫
5.0,https://tw.movies.yahoo.com/moviegenre_result.html?genre_id=05,7260,劇情
1.0,https://tw.movies.yahoo.com/moviegenre_result.html?genre_id=01,7139,動作
5.0,https://tw.movies.yahoo.com/moviegenre_result.html?genre_id=05,7139,劇情
5.0,https://tw.movies.yahoo.com/moviegenre_result.html?genre_id=05,7184,劇情
9.0,https://tw.movies.yahoo.com/moviegenre_result.html?genre_id=09,7184,喜劇
5.0,https://tw.movies.yahoo.com/moviegenre_result.html?genre_id=05,7243,劇情
5.0,https://tw.movies.yahoo.com/moviegenre_result.html?genre_id=05,7248,劇情
8.0,https://tw.movies.yahoo.com/moviegenre_result.html?genre_id=08,7248,懸疑/驚悚
1.0,https://tw.movies.yahoo.com/moviegenre_result.html?genre_id=01,7257,動作
5.0,https://tw.movies.yahoo.com/moviegenre_result.html?genre_id=05,7257,劇情
5.0,https://tw.movies.yahoo.com/moviegenre_result.html?genre_id=05,7287,劇情
8.0,https://tw.movies.yahoo.com/moviegenre_result.html?genre_id=08,7251,懸疑/驚悚
5.0,https://tw.movies.yahoo.com/moviegenre_result.html?genre_id=05,7279,劇情
5.0,https://tw.movies.yahoo.com/moviegenre_result.html?genre_id=05,7225,劇情
5.0,https://tw.movies.yahoo.com/moviegenre_result.html?genre_id=05,7232,劇情
10.0,https://tw.movies.yahoo.com/moviegenre_result.html?genre_id=10,7286,愛情
5.0,https://tw.movies.yahoo.com/moviegenre_result.html?genre_id=05,7286,劇情
1.0,https://tw.movies.yahoo.com/moviegenre_result.html?genre_id=01,7256,動作
1.0,https://tw.movies.yahoo.com/moviegenre_result.html?genre_id=01,7274,動作
2.0,https://tw.movies.yahoo.com/moviegenre_result.html?genre_id=02,7274,冒險
5.0,https://tw.movies.yahoo.com/moviegenre_result.html?genre_id=05,7274,劇情
7.0,https://tw.movies.yahoo.com/moviegenre_result.html?genre_id=07,7212,恐怖
8.0,https://tw.movies.yahoo.com/moviegenre_result.html?genre_id=08,7212,懸疑/驚悚
15.0,https://tw.movies.yahoo.com/moviegenre_result.html?genre_id=15,7290,歷史/傳記
5.0,https://tw.movies.yahoo.com/moviegenre_result.html?genre_id=05,7290,劇情
5.0,https://tw.movies.yahoo.com/moviegenre_result.html?genre_id=05,7222,劇情
9.0,https://tw.movies.yahoo.com/moviegenre_result.html?genre_id=09,7222,喜劇
12.0,https://tw.movies.yahoo.com/moviegenre_result.html?genre_id=12,7215,動畫
5.0,https://tw.movies.yahoo.com/moviegenre_result.html?genre_id=05,7221,劇情
5.0,https://tw.movies.yahoo.com/moviegenre_result.html?genre_id=05,7293,劇情
5.0,https://tw.movies.yahoo.com/moviegenre_result.html?genre_id=05,7241,劇情
8.0,https://tw.movies.yahoo.com/moviegenre_result.html?genre_id=08,7241,懸疑/驚悚
5.0,https://tw.movies.yahoo.com/moviegenre_result.html?genre_id=05,6933,劇情
5.0,https://tw.movies.yahoo.com/moviegenre_result.html?genre_id=05,7299,劇情
8.0,https://tw.movies.yahoo.com/moviegenre_result.html?genre_id=08,7299,懸疑/驚悚
5.0,https://tw.movies.yahoo.com/moviegenre_result.html?genre_id=05,7149,劇情
4.0,https://tw.movies.yahoo.com/moviegenre_result.html?genre_id=04,7165,奇幻
7.0,https://tw.movies.yahoo.com/moviegenre_result.html?genre_id=07,7165,恐怖
8.0,https://tw.movies.yahoo.com/moviegenre_result.html?genre_id=08,7165,懸疑/驚悚
8.0,https://tw.movies.yahoo.com/moviegenre_result.html?genre_id=08,7166,懸疑/驚悚
7.0,https://tw.movies.yahoo.com/moviegenre_result.html?genre_id=07,7172,恐怖
8.0,https://tw.movies.yahoo.com/moviegenre_result.html?genre_id=08,7172,懸疑/驚悚
4.0,https://tw.movies.yahoo.com/moviegenre_result.html?genre_id=04,7181,奇幻
7.0,https://tw.movies.yahoo.com/moviegenre_result.html?genre_id=07,7181,恐怖
8.0,https://tw.movies.yahoo.com/moviegenre_result.html?genre_id=08,7181,懸疑/驚悚
16.0,https://tw.movies.yahoo.com/moviegenre_result.html?genre_id=16,7194,紀錄片
5.0,https://tw.movies.yahoo.com/moviegenre_result.html?genre_id=05,7202,劇情
1.0,https://tw.movies.yahoo.com/moviegenre_result.html?genre_id=01,7204,動作
5.0,https://tw.movies.yahoo.com/moviegenre_result.html?genre_id=05,6928,劇情
6.0,https://tw.movies.yahoo.com/moviegenre_result.html?genre_id=06,7310,犯罪
8.0,https://tw.movies.yahoo.com/moviegenre_result.html?genre_id=08,7310,懸疑/驚悚
1.0,https://tw.movies.yahoo.com/moviegenre_result.html?genre_id=01,7311,動作
2.0,https://tw.movies.yahoo.com/moviegenre_result.html?genre_id=02,7311,冒險
5.0,https://tw.movies.yahoo.com/moviegenre_result.html?genre_id=05,7316,劇情
10.0,https://tw.movies.yahoo.com/moviegenre_result.html?genre_id=10,7320,愛情
5.0,https://tw.movies.yahoo.com/moviegenre_result.html?genre_id=05,7320,劇情
7.0,https://tw.movies.yahoo.com/moviegenre_result.html?genre_id=07,7323,恐怖
8.0,https://tw.movies.yahoo.com/moviegenre_result.html?genre_id=08,7323,懸疑/驚悚
7.0,https://tw.movies.yahoo.com/moviegenre_result.html?genre_id=07,7334,恐怖
8.0,https://tw.movies.yahoo.com/moviegenre_result.html?genre_id=08,7334,懸疑/驚悚
11.0,https://tw.movies.yahoo.com/moviegenre_result.html?genre_id=11,7312,溫馨/家庭
5.0,https://tw.movies.yahoo.com/moviegenre_result.html?genre_id=05,7312,劇情
10.0,https://tw.movies.yahoo.com/moviegenre_result.html?genre_id=10,7344,愛情
1.0,https://tw.movies.yahoo.com/moviegenre_result.html?genre_id=01,7315,動作
3.0,https://tw.movies.yahoo.com/moviegenre_result.html?genre_id=03,7315,科幻
5.0,https://tw.movies.yahoo.com/moviegenre_result.html?genre_id=05,7321,劇情
8.0,https://tw.movies.yahoo.com/moviegenre_result.html?genre_id=08,7321,懸疑/驚悚
5.0,https://tw.movies.yahoo.com/moviegenre_result.html?genre_id=05,7338,劇情
5.0,https://tw.movies.yahoo.com/moviegenre_result.html?genre_id=05,7331,劇情
5.0,https://tw.movies.yahoo.com/moviegenre_result.html?genre_id=05,7333,劇情
5.0,https://tw.movies.yahoo.com/moviegenre_result.html?genre_id=05,7340,劇情
8.0,https://tw.movies.yahoo.com/moviegenre_result.html?genre_id=08,7340,懸疑/驚悚
9.0,https://tw.movies.yahoo.com/moviegenre_result.html?genre_id=09,7340,喜劇
5.0,https://tw.movies.yahoo.com/moviegenre_result.html?genre_id=05,7317,劇情
5.0,https://tw.movies.yahoo.com/moviegenre_result.html?genre_id=05,7347,劇情
8.0,https://tw.movies.yahoo.com/moviegenre_result.html?genre_id=08,7303,懸疑/驚悚
5.0,https://tw.movies.yahoo.com/moviegenre_result.html?genre_id=05,7325,劇情
12.0,https://tw.movies.yahoo.com/moviegenre_result.html?genre_id=12,7348,動畫
14.0,https://tw.movies.yahoo.com/moviegenre_result.html?genre_id=14,7305,音樂/歌舞
9.0,https://tw.movies.yahoo.com/moviegenre_result.html?genre_id=09,7305,喜劇
3.0,https://tw.movies.yahoo.com/moviegenre_result.html?genre_id=03,7300,科幻
5.0,https://tw.movies.yahoo.com/moviegenre_result.html?genre_id=05,7300,劇情
8.0,https://tw.movies.yahoo.com/moviegenre_result.html?genre_id=08,7300,懸疑/驚悚
2.0,https://tw.movies.yahoo.com/moviegenre_result.html?genre_id=02,7328,冒險
4.0,https://tw.movies.yahoo.com/moviegenre_result.html?genre_id=04,7328,奇幻
5.0,https://tw.movies.yahoo.com/moviegenre_result.html?genre_id=05,7328,劇情
5.0,https://tw.movies.yahoo.com/moviegenre_result.html?genre_id=05,7336,劇情
5.0,https://movies.yahoo.com.tw/moviegenre_result.html?genre_id=05,7476,劇情
5.0,https://movies.yahoo.com.tw/moviegenre_result.html?genre_id=05,7512,劇情
5.0,https://movies.yahoo.com.tw/moviegenre_result.html?genre_id=05,7524,劇情
15.0,https://movies.yahoo.com.tw/moviegenre_result.html?genre_id=15,7528,歷史/傳記
5.0,https://movies.yahoo.com.tw/moviegenre_result.html?genre_id=05,7528,劇情
5.0,https://movies.yahoo.com.tw/moviegenre_result.html?genre_id=05,7530,劇情
12.0,https://movies.yahoo.com.tw/moviegenre_result.html?genre_id=12,7577,動畫
2.0,https://movies.yahoo.com.tw/moviegenre_result.html?genre_id=02,7577,冒險
7.0,https://movies.yahoo.com.tw/moviegenre_result.html?genre_id=07,7622,恐怖
8.0,https://movies.yahoo.com.tw/moviegenre_result.html?genre_id=08,7622,懸疑/驚悚
5.0,https://movies.yahoo.com.tw/moviegenre_result.html?genre_id=05,7641,劇情
11.0,https://movies.yahoo.com.tw/moviegenre_result.html?genre_id=11,7649,溫馨/家庭
13.0,https://movies.yahoo.com.tw/moviegenre_result.html?genre_id=13,7649,戰爭
5.0,https://movies.yahoo.com.tw/moviegenre_result.html?genre_id=05,7649,劇情
9.0,https://movies.yahoo.com.tw/moviegenre_result.html?genre_id=09,7664,喜劇
5.0,https://movies.yahoo.com.tw/moviegenre_result.html?genre_id=05,7703,劇情
6.0,https://movies.yahoo.com.tw/moviegenre_result.html?genre_id=06,7703,犯罪
8.0,https://movies.yahoo.com.tw/moviegenre_result.html?genre_id=08,7703,懸疑/驚悚
5.0,https://movies.yahoo.com.tw/moviegenre_result.html?genre_id=05,7706,劇情
11.0,https://movies.yahoo.com.tw/moviegenre_result.html?genre_id=11,7467,溫馨/家庭
2.0,https://movies.yahoo.com.tw/moviegenre_result.html?genre_id=02,7467,冒險
10.0,https://movies.yahoo.com.tw/moviegenre_result.html?genre_id=10,7539,愛情
5.0,https://movies.yahoo.com.tw/moviegenre_result.html?genre_id=05,7539,劇情
7.0,https://movies.yahoo.com.tw/moviegenre_result.html?genre_id=07,7605,恐怖
8.0,https://movies.yahoo.com.tw/moviegenre_result.html?genre_id=08,7605,懸疑/驚悚
5.0,https://movies.yahoo.com.tw/moviegenre_result.html?genre_id=05,7614,劇情
9.0,https://movies.yahoo.com.tw/moviegenre_result.html?genre_id=09,7614,喜劇
5.0,https://movies.yahoo.com.tw/moviegenre_result.html?genre_id=05,7644,劇情
5.0,https://movies.yahoo.com.tw/moviegenre_result.html?genre_id=05,7671,劇情
9.0,https://movies.yahoo.com.tw/moviegenre_result.html?genre_id=09,7671,喜劇
5.0,https://movies.yahoo.com.tw/moviegenre_result.html?genre_id=05,7679,劇情
8.0,https://movies.yahoo.com.tw/moviegenre_result.html?genre_id=08,7679,懸疑/驚悚
9.0,https://movies.yahoo.com.tw/moviegenre_result.html?genre_id=09,7679,喜劇
12.0,https://movies.yahoo.com.tw/moviegenre_result.html?genre_id=12,7428,動畫
5.0,https://movies.yahoo.com.tw/moviegenre_result.html?genre_id=05,7448,劇情
8.0,https://movies.yahoo.com.tw/moviegenre_result.html?genre_id=08,7448,懸疑/驚悚
13.0,https://movies.yahoo.com.tw/moviegenre_result.html?genre_id=13,7495,戰爭
15.0,https://movies.yahoo.com.tw/moviegenre_result.html?genre_id=15,7495,歷史/傳記
5.0,https://movies.yahoo.com.tw/moviegenre_result.html?genre_id=05,7495,劇情
9.0,https://movies.yahoo.com.tw/moviegenre_result.html?genre_id=09,7566,喜劇
5.0,https://movies.yahoo.com.tw/moviegenre_result.html?genre_id=05,7591,劇情
9.0,https://movies.yahoo.com.tw/moviegenre_result.html?genre_id=09,7591,喜劇
5.0,https://movies.yahoo.com.tw/moviegenre_result.html?genre_id=05,7599,劇情
16.0,https://movies.yahoo.com.tw/moviegenre_result.html?genre_id=16,7635,紀錄片
15.0,https://movies.yahoo.com.tw/moviegenre_result.html?genre_id=15,7522,歷史/傳記
5.0,https://movies.yahoo.com.tw/moviegenre_result.html?genre_id=05,7522,劇情
1.0,https://movies.yahoo.com.tw/moviegenre_result.html?genre_id=01,7608,動作
5.0,https://movies.yahoo.com.tw/moviegenre_result.html?genre_id=05,7608,劇情
5.0,https://movies.yahoo.com.tw/moviegenre_result.html?genre_id=05,7612,劇情
10.0,https://movies.yahoo.com.tw/moviegenre_result.html?genre_id=10,7617,愛情
5.0,https://movies.yahoo.com.tw/moviegenre_result.html?genre_id=05,7617,劇情
12.0,https://movies.yahoo.com.tw/moviegenre_result.html?genre_id=12,7504,動畫
12.0,https://movies.yahoo.com.tw/moviegenre_result.html?genre_id=12,7481,動畫
2.0,https://movies.yahoo.com.tw/moviegenre_result.html?genre_id=02,7481,冒險
16.0,https://movies.yahoo.com.tw/moviegenre_result.html?genre_id=16,7415,紀錄片
1.0,https://movies.yahoo.com.tw/moviegenre_result.html?genre_id=01,7452,動作
5.0,https://movies.yahoo.com.tw/moviegenre_result.html?genre_id=05,7452,劇情
6.0,https://movies.yahoo.com.tw/moviegenre_result.html?genre_id=06,7452,犯罪
1.0,https://movies.yahoo.com.tw/moviegenre_result.html?genre_id=01,7487,動作
4.0,https://movies.yahoo.com.tw/moviegenre_result.html?genre_id=04,7487,奇幻
5.0,https://movies.yahoo.com.tw/moviegenre_result.html?genre_id=05,7487,劇情
1.0,https://movies.yahoo.com.tw/moviegenre_result.html?genre_id=01,7469,動作
6.0,https://movies.yahoo.com.tw/moviegenre_result.html?genre_id=06,7469,犯罪
9.0,https://movies.yahoo.com.tw/moviegenre_result.html?genre_id=09,7494,喜劇
3.0,https://movies.yahoo.com.tw/moviegenre_result.html?genre_id=03,7393,科幻
8.0,https://movies.yahoo.com.tw/moviegenre_result.html?genre_id=08,7393,懸疑/驚悚
14.0,https://movies.yahoo.com.tw/moviegenre_result.html?genre_id=14,7490,音樂/歌舞
5.0,https://movies.yahoo.com.tw/moviegenre_result.html?genre_id=05,7490,劇情
10.0,https://movies.yahoo.com.tw/moviegenre_result.html?genre_id=10,7235,愛情
14.0,https://movies.yahoo.com.tw/moviegenre_result.html?genre_id=14,7235,音樂/歌舞
9.0,https://movies.yahoo.com.tw/moviegenre_result.html?genre_id=09,7235,喜劇
5.0,https://movies.yahoo.com.tw/moviegenre_result.html?genre_id=05,7503,劇情
8.0,https://movies.yahoo.com.tw/moviegenre_result.html?genre_id=08,7503,懸疑/驚悚
14.0,https://movies.yahoo.com.tw/moviegenre_result.html?genre_id=14,7436,音樂/歌舞
5.0,https://movies.yahoo.com.tw/moviegenre_result.html?genre_id=05,7436,劇情
12.0,https://movies.yahoo.com.tw/moviegenre_result.html?genre_id=12,7371,動畫
2.0,https://movies.yahoo.com.tw/moviegenre_result.html?genre_id=02,7371,冒險
9.0,https://movies.yahoo.com.tw/moviegenre_result.html?genre_id=09,7377,喜劇
1.0,https://movies.yahoo.com.tw/moviegenre_result.html?genre_id=01,7517,動作
5.0,https://movies.yahoo.com.tw/moviegenre_result.html?genre_id=05,7517,劇情
5.0,https://movies.yahoo.com.tw/moviegenre_result.html?genre_id=05,7710,劇情
12.0,https://movies.yahoo.com.tw/moviegenre_result.html?genre_id=12,7712,動畫
10.0,https://movies.yahoo.com.tw/moviegenre_result.html?genre_id=10,7720,愛情
9.0,https://movies.yahoo.com.tw/moviegenre_result.html?genre_id=09,7720,喜劇
5.0,https://movies.yahoo.com.tw/moviegenre_result.html?genre_id=05,7479,劇情
11.0,https://movies.yahoo.com.tw/moviegenre_result.html?genre_id=11,7726,溫馨/家庭
17.0,https://movies.yahoo.com.tw/moviegenre_result.html?genre_id=17,7726,勵志
5.0,https://movies.yahoo.com.tw/moviegenre_result.html?genre_id=05,7726,劇情
10.0,https://movies.yahoo.com.tw/moviegenre_result.html?genre_id=10,7746,愛情
9.0,https://movies.yahoo.com.tw/moviegenre_result.html?genre_id=09,7746,喜劇
5.0,https://movies.yahoo.com.tw/moviegenre_result.html?genre_id=05,7768,劇情
5.0,https://movies.yahoo.com.tw/moviegenre_result.html?genre_id=05,7611,劇情
1.0,https://movies.yahoo.com.tw/moviegenre_result.html?genre_id=01,7721,動作
5.0,https://movies.yahoo.com.tw/moviegenre_result.html?genre_id=05,7721,劇情
15.0,https://movies.yahoo.com.tw/moviegenre_result.html?genre_id=15,7732,歷史/傳記
5.0,https://movies.yahoo.com.tw/moviegenre_result.html?genre_id=05,7732,劇情
5.0,https://movies.yahoo.com.tw/moviegenre_result.html?genre_id=05,7691,劇情
5.0,https://movies.yahoo.com.tw/moviegenre_result.html?genre_id=05,7588,劇情
4.0,https://movies.yahoo.com.tw/moviegenre_result.html?genre_id=04,7625,奇幻
5.0,https://movies.yahoo.com.tw/moviegenre_result.html?genre_id=05,7625,劇情
8.0,https://movies.yahoo.com.tw/moviegenre_result.html?genre_id=08,7661,懸疑/驚悚
10.0,https://movies.yahoo.com.tw/moviegenre_result.html?genre_id=10,7729,愛情
5.0,https://movies.yahoo.com.tw/moviegenre_result.html?genre_id=05,7729,劇情
5.0,https://movies.yahoo.com.tw/moviegenre_result.html?genre_id=05,7744,劇情
1.0,https://movies.yahoo.com.tw/moviegenre_result.html?genre_id=01,7804,動作
9.0,https://movies.yahoo.com.tw/moviegenre_result.html?genre_id=09,7804,喜劇
1.0,https://movies.yahoo.com.tw/moviegenre_result.html?genre_id=01,7413,動作
2.0,https://movies.yahoo.com.tw/moviegenre_result.html?genre_id=02,7413,冒險
5.0,https://movies.yahoo.com.tw/moviegenre_result.html?genre_id=05,7761,劇情
13.0,https://movies.yahoo.com.tw/moviegenre_result.html?genre_id=13,7638,戰爭
12.0,https://movies.yahoo.com.tw/moviegenre_result.html?genre_id=12,7659,動畫
5.0,https://movies.yahoo.com.tw/moviegenre_result.html?genre_id=05,7737,劇情
8.0,https://movies.yahoo.com.tw/moviegenre_result.html?genre_id=08,7737,懸疑/驚悚
5.0,https://movies.yahoo.com.tw/moviegenre_result.html?genre_id=05,7753,劇情
10.0,https://movies.yahoo.com.tw/moviegenre_result.html?genre_id=10,7796,愛情
5.0,https://movies.yahoo.com.tw/moviegenre_result.html?genre_id=05,7796,劇情
5.0,https://movies.yahoo.com.tw/moviegenre_result.html?genre_id=05,7634,劇情
5.0,https://movies.yahoo.com.tw/moviegenre_result.html?genre_id=05,7675,劇情
1.0,https://movies.yahoo.com.tw/moviegenre_result.html?genre_id=01,7681,動作
1.0,https://movies.yahoo.com.tw/moviegenre_result.html?genre_id=01,7687,動作
6.0,https://movies.yahoo.com.tw/moviegenre_result.html?genre_id=06,7687,犯罪
8.0,https://movies.yahoo.com.tw/moviegenre_result.html?genre_id=08,7687,懸疑/驚悚
7.0,https://movies.yahoo.com.tw/moviegenre_result.html?genre_id=07,7718,恐怖
8.0,https://movies.yahoo.com.tw/moviegenre_result.html?genre_id=08,7718,懸疑/驚悚
5.0,https://movies.yahoo.com.tw/moviegenre_result.html?genre_id=05,7735,劇情
9.0,https://movies.yahoo.com.tw/moviegenre_result.html?genre_id=09,7735,喜劇
13.0,https://movies.yahoo.com.tw/moviegenre_result.html?genre_id=13,7352,戰爭
1.0,https://movies.yahoo.com.tw/moviegenre_result.html?genre_id=01,7352,動作
3.0,https://movies.yahoo.com.tw/moviegenre_result.html?genre_id=03,7352,科幻
5.0,https://movies.yahoo.com.tw/moviegenre_result.html?genre_id=05,7565,劇情
5.0,https://movies.yahoo.com.tw/moviegenre_result.html?genre_id=05,7779,劇情
8.0,https://movies.yahoo.com.tw/moviegenre_result.html?genre_id=08,7779,懸疑/驚悚
9.0,https://movies.yahoo.com.tw/moviegenre_result.html?genre_id=09,7779,喜劇
5.0,https://movies.yahoo.com.tw/moviegenre_result.html?genre_id=05,7799,劇情
1.0,https://movies.yahoo.com.tw/moviegenre_result.html?genre_id=01,7414,動作
3.0,https://movies.yahoo.com.tw/moviegenre_result.html?genre_id=03,7414,科幻
5.0,https://movies.yahoo.com.tw/moviegenre_result.html?genre_id=05,7414,劇情
5.0,https://movies.yahoo.com.tw/moviegenre_result.html?genre_id=05,7627,劇情
1.0,https://movies.yahoo.com.tw/moviegenre_result.html?genre_id=01,7685,動作
5.0,https://movies.yahoo.com.tw/moviegenre_result.html?genre_id=05,7685,劇情
9.0,https://movies.yahoo.com.tw/moviegenre_result.html?genre_id=09,7685,喜劇
10.0,https://movies.yahoo.com.tw/moviegenre_result.html?genre_id=10,7748,愛情
5.0,https://movies.yahoo.com.tw/moviegenre_result.html?genre_id=05,7748,劇情
10.0,https://movies.yahoo.com.tw/moviegenre_result.html?genre_id=10,7770,愛情
14.0,https://movies.yahoo.com.tw/moviegenre_result.html?genre_id=14,7770,音樂/歌舞
5.0,https://movies.yahoo.com.tw/moviegenre_result.html?genre_id=05,7770,劇情
5.0,https://movies.yahoo.com.tw/moviegenre_result.html?genre_id=05,7423,劇情
1.0,https://movies.yahoo.com.tw/moviegenre_result.html?genre_id=01,7738,動作
6.0,https://movies.yahoo.com.tw/moviegenre_result.html?genre_id=06,7738,犯罪
5.0,https://movies.yahoo.com.tw/moviegenre_result.html?genre_id=05,7751,劇情
8.0,https://movies.yahoo.com.tw/moviegenre_result.html?genre_id=08,7751,懸疑/驚悚
5.0,https://movies.yahoo.com.tw/moviegenre_result.html?genre_id=05,7793,劇情
6.0,https://movies.yahoo.com.tw/moviegenre_result.html?genre_id=06,7793,犯罪
8.0,https://movies.yahoo.com.tw/moviegenre_result.html?genre_id=08,7793,懸疑/驚悚
1.0,https://movies.yahoo.com.tw/moviegenre_result.html?genre_id=01,7569,動作
5.0,https://movies.yahoo.com.tw/moviegenre_result.html?genre_id=05,7569,劇情
10.0,https://movies.yahoo.com.tw/moviegenre_result.html?genre_id=10,7684,愛情
15.0,https://movies.yahoo.com.tw/moviegenre_result.html?genre_id=15,7684,歷史/傳記
5.0,https://movies.yahoo.com.tw/moviegenre_result.html?genre_id=05,7684,劇情
5.0,https://movies.yahoo.com.tw/moviegenre_result.html?genre_id=05,7743,劇情
19.0,https://movies.yahoo.com.tw/moviegenre_result.html?genre_id=19,7750,影展
5.0,https://movies.yahoo.com.tw/moviegenre_result.html?genre_id=05,7756,劇情
10.0,https://movies.yahoo.com.tw/moviegenre_result.html?genre_id=10,7788,愛情
4.0,https://movies.yahoo.com.tw/moviegenre_result.html?genre_id=04,7788,奇幻
9.0,https://movies.yahoo.com.tw/moviegenre_result.html?genre_id=09,7670,喜劇
4.0,https://movies.yahoo.com.tw/moviegenre_result.html?genre_id=04,7683,奇幻
5.0,https://movies.yahoo.com.tw/moviegenre_result.html?genre_id=05,7683,劇情
15.0,https://movies.yahoo.com.tw/moviegenre_result.html?genre_id=15,7777,歷史/傳記
5.0,https://movies.yahoo.com.tw/moviegenre_result.html?genre_id=05,7777,劇情
8.0,https://movies.yahoo.com.tw/moviegenre_result.html?genre_id=08,7741,懸疑/驚悚
5.0,https://movies.yahoo.com.tw/moviegenre_result.html?genre_id=05,7790,劇情
6.0,https://movies.yahoo.com.tw/moviegenre_result.html?genre_id=06,7790,犯罪
8.0,https://movies.yahoo.com.tw/moviegenre_result.html?genre_id=08,7790,懸疑/驚悚
10.0,https://movies.yahoo.com.tw/moviegenre_result.html?genre_id=10,7755,愛情
5.0,https://movies.yahoo.com.tw/moviegenre_result.html?genre_id=05,7755,劇情
9.0,https://movies.yahoo.com.tw/moviegenre_result.html?genre_id=09,7755,喜劇
10.0,https://movies.yahoo.com.tw/moviegenre_result.html?genre_id=10,7782,愛情
5.0,https://movies.yahoo.com.tw/moviegenre_result.html?genre_id=05,7782,劇情
8.0,https://movies.yahoo.com.tw/moviegenre_result.html?genre_id=08,7782,懸疑/驚悚
7.0,https://movies.yahoo.com.tw/moviegenre_result.html?genre_id=07,7509,恐怖
8.0,https://movies.yahoo.com.tw/moviegenre_result.html?genre_id=08,7509,懸疑/驚悚
5.0,https://movies.yahoo.com.tw/moviegenre_result.html?genre_id=05,7772,劇情
9.0,https://movies.yahoo.com.tw/moviegenre_result.html?genre_id=09,7772,喜劇
12.0,https://movies.yahoo.com.tw/moviegenre_result.html?genre_id=12,7402,動畫
5.0,https://movies.yahoo.com.tw/moviegenre_result.html?genre_id=05,7776,劇情
6.0,https://movies.yahoo.com.tw/moviegenre_result.html?genre_id=06,7776,犯罪
8.0,https://movies.yahoo.com.tw/moviegenre_result.html?genre_id=08,7776,懸疑/驚悚
1.0,https://movies.yahoo.com.tw/moviegenre_result.html?genre_id=01,7764,動作
2.0,https://movies.yahoo.com.tw/moviegenre_result.html?genre_id=02,7764,冒險
3.0,https://movies.yahoo.com.tw/moviegenre_result.html?genre_id=03,7764,科幻
5.0,https://movies.yahoo.com.tw/moviegenre_result.html?genre_id=05,7764,劇情
5.0,https://movies.yahoo.com.tw/moviegenre_result.html?genre_id=05,7785,劇情
8.0,https://movies.yahoo.com.tw/moviegenre_result.html?genre_id=08,7785,懸疑/驚悚
8.0,https://movies.yahoo.com.tw/moviegenre_result.html?genre_id=08,7792,懸疑/驚悚
1.0,https://movies.yahoo.com.tw/moviegenre_result.html?genre_id=01,7550,動作
2.0,https://movies.yahoo.com.tw/moviegenre_result.html?genre_id=02,7550,冒險
3.0,https://movies.yahoo.com.tw/moviegenre_result.html?genre_id=03,7550,科幻
1.0,https://movies.yahoo.com.tw/moviegenre_result.html?genre_id=01,7690,動作
2.0,https://movies.yahoo.com.tw/moviegenre_result.html?genre_id=02,7690,冒險
5.0,https://movies.yahoo.com.tw/moviegenre_result.html?genre_id=05,7690,劇情
10.0,https://movies.yahoo.com.tw/moviegenre_result.html?genre_id=10,7449,愛情
5.0,https://movies.yahoo.com.tw/moviegenre_result.html?genre_id=05,7449,劇情
9.0,https://movies.yahoo.com.tw/moviegenre_result.html?genre_id=09,7449,喜劇
1.0,https://movies.yahoo.com.tw/moviegenre_result.html?genre_id=01,7758,動作
3.0,https://movies.yahoo.com.tw/moviegenre_result.html?genre_id=03,7758,科幻
10.0,https://movies.yahoo.com.tw/moviegenre_result.html?genre_id=10,7773,愛情
14.0,https://movies.yahoo.com.tw/moviegenre_result.html?genre_id=14,7773,音樂/歌舞
5.0,https://movies.yahoo.com.tw/moviegenre_result.html?genre_id=05,7773,劇情
12.0,https://movies.yahoo.com.tw/moviegenre_result.html?genre_id=12,7508,動畫
9.0,https://movies.yahoo.com.tw/moviegenre_result.html?genre_id=09,7508,喜劇
1.0,https://movies.yahoo.com.tw/moviegenre_result.html?genre_id=01,7767,動作
5.0,https://movies.yahoo.com.tw/moviegenre_result.html?genre_id=05,7767,劇情
1.0,https://movies.yahoo.com.tw/moviegenre_result.html?genre_id=01,7803,動作
3.0,https://movies.yahoo.com.tw/moviegenre_result.html?genre_id=03,7803,科幻
7.0,https://movies.yahoo.com.tw/moviegenre_result.html?genre_id=07,7803,恐怖
8.0,https://movies.yahoo.com.tw/moviegenre_result.html?genre_id=08,7803,懸疑/驚悚
2.0,https://movies.yahoo.com.tw/moviegenre_result.html?genre_id=02,7631,冒險
3.0,https://movies.yahoo.com.tw/moviegenre_result.html?genre_id=03,7631,科幻
5.0,https://movies.yahoo.com.tw/moviegenre_result.html?genre_id=05,7631,劇情
5.0,https://movies.yahoo.com.tw/moviegenre_result.html?genre_id=05,7388,劇情
6.0,https://movies.yahoo.com.tw/moviegenre_result.html?genre_id=06,7388,犯罪
8.0,https://movies.yahoo.com.tw/moviegenre_result.html?genre_id=08,7388,懸疑/驚悚
7.0,https://movies.yahoo.com.tw/moviegenre_result.html?genre_id=07,7473,恐怖
8.0,https://movies.yahoo.com.tw/moviegenre_result.html?genre_id=08,7473,懸疑/驚悚
5.0,https://movies.yahoo.com.tw/moviegenre_result.html?genre_id=05,7652,劇情
5.0,https://movies.yahoo.com.tw/moviegenre_result.html?genre_id=05,7657,劇情
9.0,https://movies.yahoo.com.tw/moviegenre_result.html?genre_id=09,7657,喜劇
5.0,https://movies.yahoo.com.tw/moviegenre_result.html?genre_id=05,7674,劇情
10.0,https://movies.yahoo.com.tw/moviegenre_result.html?genre_id=10,7458,愛情
5.0,https://movies.yahoo.com.tw/moviegenre_result.html?genre_id=05,7458,劇情
5.0,https://movies.yahoo.com.tw/moviegenre_result.html?genre_id=05,7678,劇情
1.0,https://movies.yahoo.com.tw/moviegenre_result.html?genre_id=01,7723,動作
5.0,https://movies.yahoo.com.tw/moviegenre_result.html?genre_id=05,7723,劇情
10.0,https://movies.yahoo.com.tw/moviegenre_result.html?genre_id=10,7811,愛情
5.0,https://movies.yahoo.com.tw/moviegenre_result.html?genre_id=05,7813,劇情
9.0,https://movies.yahoo.com.tw/moviegenre_result.html?genre_id=09,7813,喜劇
5.0,https://movies.yahoo.com.tw/moviegenre_result.html?genre_id=05,7816,劇情
10.0,https://movies.yahoo.com.tw/moviegenre_result.html?genre_id=10,7806,愛情
5.0,https://movies.yahoo.com.tw/moviegenre_result.html?genre_id=05,7806,劇情
10.0,https://movies.yahoo.com.tw/moviegenre_result.html?genre_id=10,7809,愛情
5.0,https://movies.yahoo.com.tw/moviegenre_result.html?genre_id=05,7809,劇情
5.0,https://movies.yahoo.com.tw/moviegenre_result.html?genre_id=05,7382,劇情
8.0,https://movies.yahoo.com.tw/moviegenre_result.html?genre_id=08,7382,懸疑/驚悚
5.0,https://movies.yahoo.com.tw/moviegenre_result.html?genre_id=05,7817,劇情
1.0,https://movies.yahoo.com.tw/moviegenre_result.html?genre_id=01,7819,動作
6.0,https://movies.yahoo.com.tw/moviegenre_result.html?genre_id=06,7819,犯罪
9.0,https://movies.yahoo.com.tw/moviegenre_result.html?genre_id=09,7819,喜劇
1.0,https://movies.yahoo.com.tw/moviegenre_result.html?genre_id=01,7821,動作
2.0,https://movies.yahoo.com.tw/moviegenre_result.html?genre_id=02,7821,冒險
1.0,https://movies.yahoo.com.tw/moviegenre_result.html?genre_id=01,7820,動作
10.0,https://movies.yahoo.com.tw/moviegenre_result.html?genre_id=10,7401,愛情
4.0,https://movies.yahoo.com.tw/moviegenre_result.html?genre_id=04,7401,奇幻
5.0,https://movies.yahoo.com.tw/moviegenre_result.html?genre_id=05,7401,劇情
7.0,https://movies.yahoo.com.tw/moviegenre_result.html?genre_id=07,7826,恐怖
8.0,https://movies.yahoo.com.tw/moviegenre_result.html?genre_id=08,7826,懸疑/驚悚
15.0,https://movies.yahoo.com.tw/moviegenre_result.html?genre_id=15,7823,歷史/傳記
5.0,https://movies.yahoo.com.tw/moviegenre_result.html?genre_id=05,7823,劇情
5.0,https://movies.yahoo.com.tw/moviegenre_result.html?genre_id=05,7828,劇情
15.0,https://movies.yahoo.com.tw/moviegenre_result.html?genre_id=15,7574,歷史/傳記
2.0,https://movies.yahoo.com.tw/moviegenre_result.html?genre_id=02,7574,冒險
5.0,https://movies.yahoo.com.tw/moviegenre_result.html?genre_id=05,7574,劇情
11.0,https://movies.yahoo.com.tw/moviegenre_result.html?genre_id=11,7801,溫馨/家庭
5.0,https://movies.yahoo.com.tw/moviegenre_result.html?genre_id=05,7801,劇情
5.0,https://movies.yahoo.com.tw/moviegenre_result.html?genre_id=05,7375,劇情
10.0,https://movies.yahoo.com.tw/moviegenre_result.html?genre_id=10,7623,愛情
5.0,https://movies.yahoo.com.tw/moviegenre_result.html?genre_id=05,7623,劇情
9.0,https://movies.yahoo.com.tw/moviegenre_result.html?genre_id=09,7408,喜劇
5.0,https://movies.yahoo.com.tw/moviegenre_result.html?genre_id=05,6818,劇情
10.0,https://movies.yahoo.com.tw/moviegenre_result.html?genre_id=10,7829,愛情
5.0,https://movies.yahoo.com.tw/moviegenre_result.html?genre_id=05,7829,劇情
14.0,https://movies.yahoo.com.tw/moviegenre_result.html?genre_id=14,7830,音樂/歌舞
5.0,https://movies.yahoo.com.tw/moviegenre_result.html?genre_id=05,7832,劇情
9.0,https://movies.yahoo.com.tw/moviegenre_result.html?genre_id=09,7832,喜劇
1.0,https://movies.yahoo.com.tw/moviegenre_result.html?genre_id=01,7378,動作
2.0,https://movies.yahoo.com.tw/moviegenre_result.html?genre_id=02,7378,冒險
3.0,https://movies.yahoo.com.tw/moviegenre_result.html?genre_id=03,7378,科幻
5.0,https://movies.yahoo.com.tw/moviegenre_result.html?genre_id=05,7425,劇情
9.0,https://movies.yahoo.com.tw/moviegenre_result.html?genre_id=09,7425,喜劇
7.0,https://movies.yahoo.com.tw/moviegenre_result.html?genre_id=07,7837,恐怖
8.0,https://movies.yahoo.com.tw/moviegenre_result.html?genre_id=08,7837,懸疑/驚悚
5.0,https://movies.yahoo.com.tw/moviegenre_result.html?genre_id=05,7833,劇情
1.0,https://movies.yahoo.com.tw/moviegenre_result.html?genre_id=01,7835,動作
9.0,https://movies.yahoo.com.tw/moviegenre_result.html?genre_id=09,7835,喜劇
5.0,https://movies.yahoo.com.tw/moviegenre_result.html?genre_id=05,7629,劇情
8.0,https://movies.yahoo.com.tw/moviegenre_result.html?genre_id=08,7629,懸疑/驚悚
5.0,https://movies.yahoo.com.tw/moviegenre_result.html?genre_id=05,7845,劇情
5.0,https://movies.yahoo.com.tw/moviegenre_result.html?genre_id=05,7843,劇情
12.0,https://movies.yahoo.com.tw/moviegenre_result.html?genre_id=12,7840,動畫
9.0,https://movies.yahoo.com.tw/moviegenre_result.html?genre_id=09,7840,喜劇
1.0,https://movies.yahoo.com.tw/moviegenre_result.html?genre_id=01,7654,動作
3.0,https://movies.yahoo.com.tw/moviegenre_result.html?genre_id=03,7654,科幻
8.0,https://movies.yahoo.com.tw/moviegenre_result.html?genre_id=08,7654,懸疑/驚悚
12.0,https://movies.yahoo.com.tw/moviegenre_result.html?genre_id=12,7546,動畫
1.0,https://movies.yahoo.com.tw/moviegenre_result.html?genre_id=01,7545,動作
7.0,https://movies.yahoo.com.tw/moviegenre_result.html?genre_id=07,7545,恐怖
8.0,https://movies.yahoo.com.tw/moviegenre_result.html?genre_id=08,7545,懸疑/驚悚
1.0,https://movies.yahoo.com.tw/moviegenre_result.html?genre_id=01,7604,動作
3.0,https://movies.yahoo.com.tw/moviegenre_result.html?genre_id=03,7604,科幻
6.0,https://movies.yahoo.com.tw/moviegenre_result.html?genre_id=06,7604,犯罪
8.0,https://movies.yahoo.com.tw/moviegenre_result.html?genre_id=08,7850,懸疑/驚悚
3.0,https://movies.yahoo.com.tw/moviegenre_result.html?genre_id=03,7851,科幻
7.0,https://movies.yahoo.com.tw/moviegenre_result.html?genre_id=07,7851,恐怖
8.0,https://movies.yahoo.com.tw/moviegenre_result.html?genre_id=08,7851,懸疑/驚悚
7.0,https://movies.yahoo.com.tw/moviegenre_result.html?genre_id=07,7858,恐怖
8.0,https://movies.yahoo.com.tw/moviegenre_result.html?genre_id=08,7858,懸疑/驚悚
7.0,https://movies.yahoo.com.tw/moviegenre_result.html?genre_id=07,7852,恐怖
8.0,https://movies.yahoo.com.tw/moviegenre_result.html?genre_id=08,7852,懸疑/驚悚
7.0,https://movies.yahoo.com.tw/moviegenre_result.html?genre_id=07,7853,恐怖
8.0,https://movies.yahoo.com.tw/moviegenre_result.html?genre_id=08,7853,懸疑/驚悚
7.0,https://movies.yahoo.com.tw/moviegenre_result.html?genre_id=07,7856,恐怖
8.0,https://movies.yahoo.com.tw/moviegenre_result.html?genre_id=08,7856,懸疑/驚悚
5.0,https://movies.yahoo.com.tw/moviegenre_result.html?genre_id=05,7350,劇情
5.0,https://movies.yahoo.com.tw/moviegenre_result.html?genre_id=05,7860,劇情
4.0,https://movies.yahoo.com.tw/moviegenre_result.html?genre_id=04,7863,奇幻
8.0,https://movies.yahoo.com.tw/moviegenre_result.html?genre_id=08,7863,懸疑/驚悚
7.0,https://movies.yahoo.com.tw/moviegenre_result.html?genre_id=07,7542,恐怖
8.0,https://movies.yahoo.com.tw/moviegenre_result.html?genre_id=08,7542,懸疑/驚悚
7.0,https://movies.yahoo.com.tw/moviegenre_result.html?genre_id=07,7848,恐怖
8.0,https://movies.yahoo.com.tw/moviegenre_result.html?genre_id=08,7848,懸疑/驚悚
5.0,https://movies.yahoo.com.tw/moviegenre_result.html?genre_id=05,7868,劇情
5.0,https://movies.yahoo.com.tw/moviegenre_result.html?genre_id=05,7874,劇情
15.0,https://movies.yahoo.com.tw/moviegenre_result.html?genre_id=15,7864,歷史/傳記
5.0,https://movies.yahoo.com.tw/moviegenre_result.html?genre_id=05,7864,劇情
10.0,https://movies.yahoo.com.tw/moviegenre_result.html?genre_id=10,7873,愛情
5.0,https://movies.yahoo.com.tw/moviegenre_result.html?genre_id=05,7873,劇情
1.0,https://movies.yahoo.com.tw/moviegenre_result.html?genre_id=01,7866,動作
2.0,https://movies.yahoo.com.tw/moviegenre_result.html?genre_id=02,7866,冒險
12.0,https://movies.yahoo.com.tw/moviegenre_result.html?genre_id=12,7871,動畫
2.0,https://movies.yahoo.com.tw/moviegenre_result.html?genre_id=02,7871,冒險
9.0,https://movies.yahoo.com.tw/moviegenre_result.html?genre_id=09,7871,喜劇
12.0,https://movies.yahoo.com.tw/moviegenre_result.html?genre_id=12,7872,動畫
2.0,https://movies.yahoo.com.tw/moviegenre_result.html?genre_id=02,7872,冒險
9.0,https://movies.yahoo.com.tw/moviegenre_result.html?genre_id=09,7872,喜劇
10.0,https://movies.yahoo.com.tw/moviegenre_result.html?genre_id=10,7877,愛情
14.0,https://movies.yahoo.com.tw/moviegenre_result.html?genre_id=14,7877,音樂/歌舞
9.0,https://movies.yahoo.com.tw/moviegenre_result.html?genre_id=09,7877,喜劇
15.0,https://movies.yahoo.com.tw/moviegenre_result.html?genre_id=15,7880,歷史/傳記
5.0,https://movies.yahoo.com.tw/moviegenre_result.html?genre_id=05,7880,劇情
10.0,https://movies.yahoo.com.tw/moviegenre_result.html?genre_id=10,7883,愛情
4.0,https://movies.yahoo.com.tw/moviegenre_result.html?genre_id=04,7883,奇幻
9.0,https://movies.yahoo.com.tw/moviegenre_result.html?genre_id=09,7883,喜劇
14.0,https://movies.yahoo.com.tw/moviegenre_result.html?genre_id=14,7885,音樂/歌舞
2.0,https://movies.yahoo.com.tw/moviegenre_result.html?genre_id=02,7885,冒險
4.0,https://movies.yahoo.com.tw/moviegenre_result.html?genre_id=04,7885,奇幻
5.0,https://movies.yahoo.com.tw/moviegenre_result.html?genre_id=05,7886,劇情
8.0,https://movies.yahoo.com.tw/moviegenre_result.html?genre_id=08,7889,懸疑/驚悚
11.0,https://movies.yahoo.com.tw/moviegenre_result.html?genre_id=11,7887,溫馨/家庭
2.0,https://movies.yahoo.com.tw/moviegenre_result.html?genre_id=02,7887,冒險
4.0,https://movies.yahoo.com.tw/moviegenre_result.html?genre_id=04,7887,奇幻
8.0,https://movies.yahoo.com.tw/moviegenre_result.html?genre_id=08,7459,懸疑/驚悚
9.0,https://movies.yahoo.com.tw/moviegenre_result.html?genre_id=09,7459,喜劇
5.0,https://movies.yahoo.com.tw/moviegenre_result.html?genre_id=05,7892,劇情
8.0,https://movies.yahoo.com.tw/moviegenre_result.html?genre_id=08,7892,懸疑/驚悚
12.0,https://movies.yahoo.com.tw/moviegenre_result.html?genre_id=12,7890,動畫
12.0,https://movies.yahoo.com.tw/moviegenre_result.html?genre_id=12,7913,動畫
7.0,https://movies.yahoo.com.tw/moviegenre_result.html?genre_id=07,7895,恐怖
8.0,https://movies.yahoo.com.tw/moviegenre_result.html?genre_id=08,7895,懸疑/驚悚
10.0,https://movies.yahoo.com.tw/moviegenre_result.html?genre_id=10,7902,愛情
5.0,https://movies.yahoo.com.tw/moviegenre_result.html?genre_id=05,7902,劇情
7.0,https://movies.yahoo.com.tw/moviegenre_result.html?genre_id=07,7903,恐怖
8.0,https://movies.yahoo.com.tw/moviegenre_result.html?genre_id=08,7903,懸疑/驚悚
5.0,https://movies.yahoo.com.tw/moviegenre_result.html?genre_id=05,7906,劇情
5.0,https://movies.yahoo.com.tw/moviegenre_result.html?genre_id=05,7901,劇情
5.0,https://movies.yahoo.com.tw/moviegenre_result.html?genre_id=05,7908,劇情
1.0,https://movies.yahoo.com.tw/moviegenre_result.html?genre_id=01,7911,動作
8.0,https://movies.yahoo.com.tw/moviegenre_result.html?genre_id=08,7914,懸疑/驚悚
11.0,https://movies.yahoo.com.tw/moviegenre_result.html?genre_id=11,7917,溫馨/家庭
5.0,https://movies.yahoo.com.tw/moviegenre_result.html?genre_id=05,7917,劇情
5.0,https://movies.yahoo.com.tw/moviegenre_result.html?genre_id=05,7922,劇情
14.0,https://movies.yahoo.com.tw/moviegenre_result.html?genre_id=14,7920,音樂/歌舞
16.0,https://movies.yahoo.com.tw/moviegenre_result.html?genre_id=16,7920,紀錄片
10.0,https://movies.yahoo.com.tw/moviegenre_result.html?genre_id=10,7924,愛情
5.0,https://movies.yahoo.com.tw/moviegenre_result.html?genre_id=05,7924,劇情
5.0,https://movies.yahoo.com.tw/moviegenre_result.html?genre_id=05,7935,劇情
19.0,https://movies.yahoo.com.tw/moviegenre_result.html?genre_id=19,7951,影展
16.0,https://movies.yahoo.com.tw/moviegenre_result.html?genre_id=16,7938,紀錄片
19.0,https://movies.yahoo.com.tw/moviegenre_result.html?genre_id=19,7954,影展
5.0,https://movies.yahoo.com.tw/moviegenre_result.html?genre_id=05,7941,劇情
7.0,https://movies.yahoo.com.tw/moviegenre_result.html?genre_id=07,7945,恐怖
8.0,https://movies.yahoo.com.tw/moviegenre_result.html?genre_id=08,7945,懸疑/驚悚
5.0,https://movies.yahoo.com.tw/moviegenre_result.html?genre_id=05,7926,劇情
5.0,https://movies.yahoo.com.tw/moviegenre_result.html?genre_id=05,7929,劇情
16.0,https://movies.yahoo.com.tw/moviegenre_result.html?genre_id=16,7932,紀錄片
10.0,https://movies.yahoo.com.tw/moviegenre_result.html?genre_id=10,7943,愛情
4.0,https://movies.yahoo.com.tw/moviegenre_result.html?genre_id=04,7943,奇幻
8.0,https://movies.yahoo.com.tw/moviegenre_result.html?genre_id=08,7943,懸疑/驚悚
5.0,https://movies.yahoo.com.tw/moviegenre_result.html?genre_id=05,7948,劇情
5.0,https://movies.yahoo.com.tw/moviegenre_result.html?genre_id=05,1408,劇情
8.0,https://movies.yahoo.com.tw/moviegenre_result.html?genre_id=08,7950,懸疑/驚悚
7.0,https://movies.yahoo.com.tw/moviegenre_result.html?genre_id=07,7698,恐怖
8.0,https://movies.yahoo.com.tw/moviegenre_result.html?genre_id=08,7698,懸疑/驚悚
16.0,https://movies.yahoo.com.tw/moviegenre_result.html?genre_id=16,7397,紀錄片
5.0,https://movies.yahoo.com.tw/moviegenre_result.html?genre_id=05,7959,劇情
12.0,https://movies.yahoo.com.tw/moviegenre_result.html?genre_id=12,7957,動畫
5.0,https://movies.yahoo.com.tw/moviegenre_result.html?genre_id=05,7962,劇情
9.0,https://movies.yahoo.com.tw/moviegenre_result.html?genre_id=09,7962,喜劇
2.0,https://movies.yahoo.com.tw/moviegenre_result.html?genre_id=02,7963,冒險
4.0,https://movies.yahoo.com.tw/moviegenre_result.html?genre_id=04,7963,奇幻
5.0,https://movies.yahoo.com.tw/moviegenre_result.html?genre_id=05,7963,劇情
5.0,https://movies.yahoo.com.tw/moviegenre_result.html?genre_id=05,7353,劇情
5.0,https://movies.yahoo.com.tw/moviegenre_result.html?genre_id=05,7965,劇情
5.0,https://movies.yahoo.com.tw/moviegenre_result.html?genre_id=05,7967,劇情
5.0,https://movies.yahoo.com.tw/moviegenre_result.html?genre_id=05,7968,劇情
10.0,https://movies.yahoo.com.tw/moviegenre_result.html?genre_id=10,7972,愛情
9.0,https://movies.yahoo.com.tw/moviegenre_result.html?genre_id=09,7972,喜劇
5.0,https://movies.yahoo.com.tw/moviegenre_result.html?genre_id=05,7971,劇情
9.0,https://movies.yahoo.com.tw/moviegenre_result.html?genre_id=09,7971,喜劇
5.0,https://movies.yahoo.com.tw/moviegenre_result.html?genre_id=05,7643,劇情
3.0,https://movies.yahoo.com.tw/moviegenre_result.html?genre_id=03,7974,科幻
5.0,https://movies.yahoo.com.tw/moviegenre_result.html?genre_id=05,7974,劇情
5.0,https://movies.yahoo.com.tw/moviegenre_result.html?genre_id=05,7976,劇情
8.0,https://movies.yahoo.com.tw/moviegenre_result.html?genre_id=08,7976,懸疑/驚悚
5.0,https://movies.yahoo.com.tw/moviegenre_result.html?genre_id=05,7994,劇情
6.0,https://movies.yahoo.com.tw/moviegenre_result.html?genre_id=06,7994,犯罪
7.0,https://movies.yahoo.com.tw/moviegenre_result.html?genre_id=07,7979,恐怖
8.0,https://movies.yahoo.com.tw/moviegenre_result.html?genre_id=08,7979,懸疑/驚悚
7.0,https://movies.yahoo.com.tw/moviegenre_result.html?genre_id=07,7981,恐怖
8.0,https://movies.yahoo.com.tw/moviegenre_result.html?genre_id=08,7981,懸疑/驚悚
13.0,https://movies.yahoo.com.tw/moviegenre_result.html?genre_id=13,7984,戰爭
7.0,https://movies.yahoo.com.tw/moviegenre_result.html?genre_id=07,7984,恐怖
8.0,https://movies.yahoo.com.tw/moviegenre_result.html?genre_id=08,7984,懸疑/驚悚
7.0,https://movies.yahoo.com.tw/moviegenre_result.html?genre_id=07,7987,恐怖
8.0,https://movies.yahoo.com.tw/moviegenre_result.html?genre_id=08,7987,懸疑/驚悚
9.0,https://movies.yahoo.com.tw/moviegenre_result.html?genre_id=09,7987,喜劇
10.0,https://movies.yahoo.com.tw/moviegenre_result.html?genre_id=10,7989,愛情
3.0,https://movies.yahoo.com.tw/moviegenre_result.html?genre_id=03,7989,科幻
7.0,https://movies.yahoo.com.tw/moviegenre_result.html?genre_id=07,7989,恐怖
7.0,https://movies.yahoo.com.tw/moviegenre_result.html?genre_id=07,7991,恐怖
8.0,https://movies.yahoo.com.tw/moviegenre_result.html?genre_id=08,7991,懸疑/驚悚
5.0,https://movies.yahoo.com.tw/moviegenre_result.html?genre_id=05,7667,劇情
5.0,https://movies.yahoo.com.tw/moviegenre_result.html?genre_id=05,7586,劇情
9.0,https://movies.yahoo.com.tw/moviegenre_result.html?genre_id=09,7995,喜劇
14.0,https://movies.yahoo.com.tw/moviegenre_result.html?genre_id=14,7491,音樂/歌舞
16.0,https://movies.yahoo.com.tw/moviegenre_result.html?genre_id=16,7491,紀錄片
14.0,https://movies.yahoo.com.tw/moviegenre_result.html?genre_id=14,6906,音樂/歌舞
15.0,https://movies.yahoo.com.tw/moviegenre_result.html?genre_id=15,6906,歷史/傳記
16.0,https://movies.yahoo.com.tw/moviegenre_result.html?genre_id=16,6906,紀錄片
16.0,https://movies.yahoo.com.tw/moviegenre_result.html?genre_id=16,7996,紀錄片
1.0,https://movies.yahoo.com.tw/moviegenre_result.html?genre_id=01,7998,動作
2.0,https://movies.yahoo.com.tw/moviegenre_result.html?genre_id=02,7998,冒險
5.0,https://movies.yahoo.com.tw/moviegenre_result.html?genre_id=05,7573,劇情
16.0,https://movies.yahoo.com.tw/moviegenre_result.html?genre_id=16,8000,紀錄片
5.0,https://movies.yahoo.com.tw/moviegenre_result.html?genre_id=05,8005,劇情
10.0,https://movies.yahoo.com.tw/moviegenre_result.html?genre_id=10,8013,愛情
5.0,https://movies.yahoo.com.tw/moviegenre_result.html?genre_id=05,8013,劇情
10.0,https://movies.yahoo.com.tw/moviegenre_result.html?genre_id=10,8007,愛情
14.0,https://movies.yahoo.com.tw/moviegenre_result.html?genre_id=14,8007,音樂/歌舞
3.0,https://movies.yahoo.com.tw/moviegenre_result.html?genre_id=03,8007,科幻
10.0,https://movies.yahoo.com.tw/moviegenre_result.html?genre_id=10,8010,愛情
5.0,https://movies.yahoo.com.tw/moviegenre_result.html?genre_id=05,8010,劇情
2.0,https://movies.yahoo.com.tw/moviegenre_result.html?genre_id=02,8002,冒險
8.0,https://movies.yahoo.com.tw/moviegenre_result.html?genre_id=08,8002,懸疑/驚悚
10.0,https://movies.yahoo.com.tw/moviegenre_result.html?genre_id=10,8018,愛情
5.0,https://movies.yahoo.com.tw/moviegenre_result.html?genre_id=05,8018,劇情
3.0,https://movies.yahoo.com.tw/moviegenre_result.html?genre_id=03,8015,科幻
8.0,https://movies.yahoo.com.tw/moviegenre_result.html?genre_id=08,8015,懸疑/驚悚
12.0,https://movies.yahoo.com.tw/moviegenre_result.html?genre_id=12,8021,動畫
5.0,https://movies.yahoo.com.tw/moviegenre_result.html?genre_id=05,8024,劇情
5.0,https://movies.yahoo.com.tw/moviegenre_result.html?genre_id=05,8025,劇情
7.0,https://movies.yahoo.com.tw/moviegenre_result.html?genre_id=07,8027,恐怖
8.0,https://movies.yahoo.com.tw/moviegenre_result.html?genre_id=08,8027,懸疑/驚悚
5.0,https://movies.yahoo.com.tw/moviegenre_result.html?genre_id=05,8030,劇情
5.0,https://movies.yahoo.com.tw/moviegenre_result.html?genre_id=05,7536,劇情
10.0,https://movies.yahoo.com.tw/moviegenre_result.html?genre_id=10,7620,愛情
5.0,https://movies.yahoo.com.tw/moviegenre_result.html?genre_id=05,7620,劇情
5.0,https://movies.yahoo.com.tw/moviegenre_result.html?genre_id=05,8032,劇情
1.0,https://movies.yahoo.com.tw/moviegenre_result.html?genre_id=01,8034,動作
7.0,https://movies.yahoo.com.tw/moviegenre_result.html?genre_id=07,8034,恐怖
1.0,https://movies.yahoo.com.tw/moviegenre_result.html?genre_id=01,8036,動作
3.0,https://movies.yahoo.com.tw/moviegenre_result.html?genre_id=03,8036,科幻
7.0,https://movies.yahoo.com.tw/moviegenre_result.html?genre_id=07,8036,恐怖
3.0,https://movies.yahoo.com.tw/moviegenre_result.html?genre_id=03,8037,科幻
7.0,https://movies.yahoo.com.tw/moviegenre_result.html?genre_id=07,8037,恐怖
8.0,https://movies.yahoo.com.tw/moviegenre_result.html?genre_id=08,8037,懸疑/驚悚
12.0,https://movies.yahoo.com.tw/moviegenre_result.html?genre_id=12,8041,動畫
5.0,https://movies.yahoo.com.tw/moviegenre_result.html?genre_id=05,8046,劇情
6.0,https://movies.yahoo.com.tw/moviegenre_result.html?genre_id=06,8046,犯罪
8.0,https://movies.yahoo.com.tw/moviegenre_result.html?genre_id=08,8046,懸疑/驚悚
11.0,https://movies.yahoo.com.tw/moviegenre_result.html?genre_id=11,8044,溫馨/家庭
5.0,https://movies.yahoo.com.tw/moviegenre_result.html?genre_id=05,8044,劇情
14.0,https://movies.yahoo.com.tw/moviegenre_result.html?genre_id=14,8051,音樂/歌舞
16.0,https://movies.yahoo.com.tw/moviegenre_result.html?genre_id=16,8051,紀錄片
6.0,https://movies.yahoo.com.tw/moviegenre_result.html?genre_id=06,8048,犯罪
7.0,https://movies.yahoo.com.tw/moviegenre_result.html?genre_id=07,8048,恐怖
8.0,https://movies.yahoo.com.tw/moviegenre_result.html?genre_id=08,8048,懸疑/驚悚
3.0,https://movies.yahoo.com.tw/moviegenre_result.html?genre_id=03,8052,科幻
8.0,https://movies.yahoo.com.tw/moviegenre_result.html?genre_id=08,8052,懸疑/驚悚
10.0,https://movies.yahoo.com.tw/moviegenre_result.html?genre_id=10,8056,愛情
9.0,https://movies.yahoo.com.tw/moviegenre_result.html?genre_id=09,8056,喜劇
11.0,https://movies.yahoo.com.tw/moviegenre_result.html?genre_id=11,8058,溫馨/家庭
5.0,https://movies.yahoo.com.tw/moviegenre_result.html?genre_id=05,8058,劇情
1.0,https://movies.yahoo.com.tw/moviegenre_result.html?genre_id=01,8068,動作
3.0,https://movies.yahoo.com.tw/moviegenre_result.html?genre_id=03,8068,科幻
7.0,https://movies.yahoo.com.tw/moviegenre_result.html?genre_id=07,8063,恐怖
8.0,https://movies.yahoo.com.tw/moviegenre_result.html?genre_id=08,8063,懸疑/驚悚
7.0,https://movies.yahoo.com.tw/moviegenre_result.html?genre_id=07,8065,恐怖
8.0,https://movies.yahoo.com.tw/moviegenre_result.html?genre_id=08,8065,懸疑/驚悚
5.0,https://movies.yahoo.com.tw/moviegenre_result.html?genre_id=05,8059,劇情
6.0,https://movies.yahoo.com.tw/moviegenre_result.html?genre_id=06,8062,犯罪
8.0,https://movies.yahoo.com.tw/moviegenre_result.html?genre_id=08,8062,懸疑/驚悚
1.0,https://movies.yahoo.com.tw/moviegenre_result.html?genre_id=01,8061,動作
9.0,https://movies.yahoo.com.tw/moviegenre_result.html?genre_id=09,8061,喜劇
16.0,https://movies.yahoo.com.tw/moviegenre_result.html?genre_id=16,8070,紀錄片
5.0,https://movies.yahoo.com.tw/moviegenre_result.html?genre_id=05,8073,劇情
9.0,https://movies.yahoo.com.tw/moviegenre_result.html?genre_id=09,8073,喜劇
13.0,https://movies.yahoo.com.tw/moviegenre_result.html?genre_id=13,8075,戰爭
1.0,https://movies.yahoo.com.tw/moviegenre_result.html?genre_id=01,8075,動作
8.0,https://movies.yahoo.com.tw/moviegenre_result.html?genre_id=08,8078,懸疑/驚悚
10.0,https://movies.yahoo.com.tw/moviegenre_result.html?genre_id=10,8080,愛情
5.0,https://movies.yahoo.com.tw/moviegenre_result.html?genre_id=05,8080,劇情
12.0,https://movies.yahoo.com.tw/moviegenre_result.html?genre_id=12,8083,動畫
2.0,https://movies.yahoo.com.tw/moviegenre_result.html?genre_id=02,8083,冒險
9.0,https://movies.yahoo.com.tw/moviegenre_result.html?genre_id=09,8083,喜劇
5.0,https://movies.yahoo.com.tw/moviegenre_result.html?genre_id=05,8084,劇情
15.0,https://movies.yahoo.com.tw/moviegenre_result.html?genre_id=15,8086,歷史/傳記
5.0,https://movies.yahoo.com.tw/moviegenre_result.html?genre_id=05,8086,劇情
6.0,https://movies.yahoo.com.tw/moviegenre_result.html?genre_id=06,8089,犯罪
9.0,https://movies.yahoo.com.tw/moviegenre_result.html?genre_id=09,8089,喜劇
5.0,https://movies.yahoo.com.tw/moviegenre_result.html?genre_id=05,7521,劇情
5.0,https://movies.yahoo.com.tw/moviegenre_result.html?genre_id=05,8092,劇情
5.0,https://movies.yahoo.com.tw/moviegenre_result.html?genre_id=05,8094,劇情
9.0,https://movies.yahoo.com.tw/moviegenre_result.html?genre_id=09,8097,喜劇
5.0,https://movies.yahoo.com.tw/moviegenre_result.html?genre_id=05,8099,劇情
5.0,https://movies.yahoo.com.tw/moviegenre_result.html?genre_id=05,8038,劇情
5.0,https://movies.yahoo.com.tw/moviegenre_result.html?genre_id=05,8039,劇情
5.0,https://movies.yahoo.com.tw/moviegenre_result.html?genre_id=05,8104,劇情
12.0,https://movies.yahoo.com.tw/moviegenre_result.html?genre_id=12,8102,動畫
8.0,https://movies.yahoo.com.tw/moviegenre_result.html?genre_id=08,8102,懸疑/驚悚
14.0,https://movies.yahoo.com.tw/moviegenre_result.html?genre_id=14,8105,音樂/歌舞
15.0,https://movies.yahoo.com.tw/moviegenre_result.html?genre_id=15,8105,歷史/傳記
5.0,https://movies.yahoo.com.tw/moviegenre_result.html?genre_id=05,8105,劇情
19.0,https://movies.yahoo.com.tw/moviegenre_result.html?genre_id=19,8108,影展
5.0,https://movies.yahoo.com.tw/moviegenre_result.html?genre_id=05,8111,劇情
12.0,https://movies.yahoo.com.tw/moviegenre_result.html?genre_id=12,8112,動畫
2.0,https://movies.yahoo.com.tw/moviegenre_result.html?genre_id=02,8112,冒險
3.0,https://movies.yahoo.com.tw/moviegenre_result.html?genre_id=03,8115,科幻
8.0,https://movies.yahoo.com.tw/moviegenre_result.html?genre_id=08,8115,懸疑/驚悚
19.0,https://movies.yahoo.com.tw/moviegenre_result.html?genre_id=19,8118,影展
5.0,https://movies.yahoo.com.tw/moviegenre_result.html?genre_id=05,8114,劇情
9.0,https://movies.yahoo.com.tw/moviegenre_result.html?genre_id=09,8114,喜劇
7.0,https://movies.yahoo.com.tw/moviegenre_result.html?genre_id=07,8119,恐怖
9.0,https://movies.yahoo.com.tw/moviegenre_result.html?genre_id=09,8119,喜劇
1.0,https://movies.yahoo.com.tw/moviegenre_result.html?genre_id=01,8121,動作
5.0,https://movies.yahoo.com.tw/moviegenre_result.html?genre_id=05,8121,劇情
12.0,https://movies.yahoo.com.tw/moviegenre_result.html?genre_id=12,8126,動畫
10.0,https://movies.yahoo.com.tw/moviegenre_result.html?genre_id=10,8129,愛情
5.0,https://movies.yahoo.com.tw/moviegenre_result.html?genre_id=05,8129,劇情
19.0,https://movies.yahoo.com.tw/moviegenre_result.html?genre_id=19,8124,影展
9.0,https://movies.yahoo.com.tw/moviegenre_result.html?genre_id=09,8138,喜劇
5.0,https://movies.yahoo.com.tw/moviegenre_result.html?genre_id=05,8141,劇情
5.0,https://movies.yahoo.com.tw/moviegenre_result.html?genre_id=05,8143,劇情
12.0,https://movies.yahoo.com.tw/moviegenre_result.html?genre_id=12,8135,動畫
1.0,https://movies.yahoo.com.tw/moviegenre_result.html?genre_id=01,8133,動作
3.0,https://movies.yahoo.com.tw/moviegenre_result.html?genre_id=03,8133,科幻
8.0,https://movies.yahoo.com.tw/moviegenre_result.html?genre_id=08,8133,懸疑/驚悚
10.0,https://movies.yahoo.com.tw/moviegenre_result.html?genre_id=10,8136,愛情
9.0,https://movies.yahoo.com.tw/moviegenre_result.html?genre_id=09,8136,喜劇
12.0,https://movies.yahoo.com.tw/moviegenre_result.html?genre_id=12,8130,動畫
15.0,https://movies.yahoo.com.tw/moviegenre_result.html?genre_id=15,8144,歷史/傳記
16.0,https://movies.yahoo.com.tw/moviegenre_result.html?genre_id=16,8144,紀錄片
5.0,https://movies.yahoo.com.tw/moviegenre_result.html?genre_id=05,8146,劇情
5.0,https://movies.yahoo.com.tw/moviegenre_result.html?genre_id=05,8147,劇情
6.0,https://movies.yahoo.com.tw/moviegenre_result.html?genre_id=06,8147,犯罪
8.0,https://movies.yahoo.com.tw/moviegenre_result.html?genre_id=08,8147,懸疑/驚悚
1.0,https://movies.yahoo.com.tw/moviegenre_result.html?genre_id=01,8158,動作
2.0,https://movies.yahoo.com.tw/moviegenre_result.html?genre_id=02,8158,冒險
4.0,https://movies.yahoo.com.tw/moviegenre_result.html?genre_id=04,8158,奇幻
8.0,https://movies.yahoo.com.tw/moviegenre_result.html?genre_id=08,8158,懸疑/驚悚
11.0,https://movies.yahoo.com.tw/moviegenre_result.html?genre_id=11,8149,溫馨/家庭
9.0,https://movies.yahoo.com.tw/moviegenre_result.html?genre_id=09,8149,喜劇
5.0,https://movies.yahoo.com.tw/moviegenre_result.html?genre_id=05,8150,劇情
16.0,https://movies.yahoo.com.tw/moviegenre_result.html?genre_id=16,8152,紀錄片
10.0,https://movies.yahoo.com.tw/moviegenre_result.html?genre_id=10,8153,愛情
9.0,https://movies.yahoo.com.tw/moviegenre_result.html?genre_id=09,8153,喜劇
5.0,https://movies.yahoo.com.tw/moviegenre_result.html?genre_id=05,8156,劇情
8.0,https://movies.yahoo.com.tw/moviegenre_result.html?genre_id=08,8156,懸疑/驚悚
5.0,https://movies.yahoo.com.tw/moviegenre_result.html?genre_id=05,8164,劇情
9.0,https://movies.yahoo.com.tw/moviegenre_result.html?genre_id=09,8164,喜劇
5.0,https://movies.yahoo.com.tw/moviegenre_result.html?genre_id=05,8159,劇情
5.0,https://movies.yahoo.com.tw/moviegenre_result.html?genre_id=05,8161,劇情
12.0,https://movies.yahoo.com.tw/moviegenre_result.html?genre_id=12,8166,動畫
2.0,https://movies.yahoo.com.tw/moviegenre_result.html?genre_id=02,8166,冒險
7.0,https://movies.yahoo.com.tw/moviegenre_result.html?genre_id=07,8168,恐怖
8.0,https://movies.yahoo.com.tw/moviegenre_result.html?genre_id=08,8168,懸疑/驚悚
10.0,https://movies.yahoo.com.tw/moviegenre_result.html?genre_id=10,8169,愛情
8.0,https://movies.yahoo.com.tw/moviegenre_result.html?genre_id=08,8169,懸疑/驚悚
1.0,https://movies.yahoo.com.tw/moviegenre_result.html?genre_id=01,8171,動作
7.0,https://movies.yahoo.com.tw/moviegenre_result.html?genre_id=07,8171,恐怖
10.0,https://movies.yahoo.com.tw/moviegenre_result.html?genre_id=10,8174,愛情
5.0,https://movies.yahoo.com.tw/moviegenre_result.html?genre_id=05,8174,劇情
6.0,https://movies.yahoo.com.tw/moviegenre_result.html?genre_id=06,8175,犯罪
8.0,https://movies.yahoo.com.tw/moviegenre_result.html?genre_id=08,8175,懸疑/驚悚
1.0,https://movies.yahoo.com.tw/moviegenre_result.html?genre_id=01,8176,動作
7.0,https://movies.yahoo.com.tw/moviegenre_result.html?genre_id=07,8176,恐怖
1.0,https://movies.yahoo.com.tw/moviegenre_result.html?genre_id=01,8179,動作
7.0,https://movies.yahoo.com.tw/moviegenre_result.html?genre_id=07,8179,恐怖
5.0,https://movies.yahoo.com.tw/moviegenre_result.html?genre_id=05,8181,劇情
16.0,https://movies.yahoo.com.tw/moviegenre_result.html?genre_id=16,8184,紀錄片
5.0,https://movies.yahoo.com.tw/moviegenre_result.html?genre_id=05,8189,劇情
8.0,https://movies.yahoo.com.tw/moviegenre_result.html?genre_id=08,8189,懸疑/驚悚
1.0,https://movies.yahoo.com.tw/moviegenre_result.html?genre_id=01,8192,動作
5.0,https://movies.yahoo.com.tw/moviegenre_result.html?genre_id=05,8192,劇情
6.0,https://movies.yahoo.com.tw/moviegenre_result.html?genre_id=06,8192,犯罪
5.0,https://movies.yahoo.com.tw/moviegenre_result.html?genre_id=05,8188,劇情
9.0,https://movies.yahoo.com.tw/moviegenre_result.html?genre_id=09,8188,喜劇
1.0,https://movies.yahoo.com.tw/moviegenre_result.html?genre_id=01,8186,動作
5.0,https://movies.yahoo.com.tw/moviegenre_result.html?genre_id=05,8186,劇情
8.0,https://movies.yahoo.com.tw/moviegenre_result.html?genre_id=08,8186,懸疑/驚悚
10.0,https://movies.yahoo.com.tw/moviegenre_result.html?genre_id=10,7462,愛情
5.0,https://movies.yahoo.com.tw/moviegenre_result.html?genre_id=05,7462,劇情
5.0,https://movies.yahoo.com.tw/moviegenre_result.html?genre_id=05,8195,劇情
1.0,https://movies.yahoo.com.tw/moviegenre_result.html?genre_id=01,8198,動作
5.0,https://movies.yahoo.com.tw/moviegenre_result.html?genre_id=05,8198,劇情
6.0,https://movies.yahoo.com.tw/moviegenre_result.html?genre_id=06,8198,犯罪
16.0,https://movies.yahoo.com.tw/moviegenre_result.html?genre_id=16,8200,紀錄片
12.0,https://movies.yahoo.com.tw/moviegenre_result.html?genre_id=12,8202,動畫
1.0,https://movies.yahoo.com.tw/moviegenre_result.html?genre_id=01,8203,動作
6.0,https://movies.yahoo.com.tw/moviegenre_result.html?genre_id=06,8203,犯罪
8.0,https://movies.yahoo.com.tw/moviegenre_result.html?genre_id=08,8203,懸疑/驚悚
2.0,https://movies.yahoo.com.tw/moviegenre_result.html?genre_id=02,8207,冒險
9.0,https://movies.yahoo.com.tw/moviegenre_result.html?genre_id=09,8207,喜劇
5.0,https://movies.yahoo.com.tw/moviegenre_result.html?genre_id=05,8205,劇情
3.0,https://movies.yahoo.com.tw/moviegenre_result.html?genre_id=03,8211,科幻
7.0,https://movies.yahoo.com.tw/moviegenre_result.html?genre_id=07,8211,恐怖
8.0,https://movies.yahoo.com.tw/moviegenre_result.html?genre_id=08,8211,懸疑/驚悚
1.0,https://movies.yahoo.com.tw/moviegenre_result.html?genre_id=01,8214,動作
2.0,https://movies.yahoo.com.tw/moviegenre_result.html?genre_id=02,8214,冒險
4.0,https://movies.yahoo.com.tw/moviegenre_result.html?genre_id=04,8214,奇幻
5.0,https://movies.yahoo.com.tw/moviegenre_result.html?genre_id=05,8214,劇情
14.0,https://movies.yahoo.com.tw/moviegenre_result.html?genre_id=14,8208,音樂/歌舞
9.0,https://movies.yahoo.com.tw/moviegenre_result.html?genre_id=09,8208,喜劇
5.0,https://movies.yahoo.com.tw/moviegenre_result.html?genre_id=05,8209,劇情
2.0,https://movies.yahoo.com.tw/moviegenre_result.html?genre_id=02,8219,冒險
5.0,https://movies.yahoo.com.tw/moviegenre_result.html?genre_id=05,8219,劇情
6.0,https://movies.yahoo.com.tw/moviegenre_result.html?genre_id=06,8219,犯罪
16.0,https://movies.yahoo.com.tw/moviegenre_result.html?genre_id=16,8217,紀錄片
16.0,https://movies.yahoo.com.tw/moviegenre_result.html?genre_id=16,8215,紀錄片
